1168,192.88.103.143,Smart-TV,85:15:ab:bf:22:20,gsmith,https://www.amazon.com/Essentialist-Womens-Pleated-High-Waist-Niagara/dp/B073RB1V1K/ref=lp_17689965011_1_39?s=apparel&ie=UTF8&qid=1523543120&sr=1-39&nodeID=17689965011&psd=1,Others,Y,N,5,N,10/30/2018,2018-10-30T06:10:41.472962,Accesslog,4.96E+55,shardId-000000000000,10:41.5
1883,198.32.43.241,Tab,9f:32:9d:89:24:1e,dustinbowman,https://www.amazon.com/s/s/ref=sr_nr_p_6_7?fst=as%3Aoff&rh=n%3A3760901%2Ck%3Abatteries%2Cp_6%3AA16TS8M4NPWTR8&keywords=batteries&ie=UTF8&qid=1523477243&rnid=331556011,Firefox,N,Y,3,N,10/30/2018,2018-10-30T06:10:42.578204,Accesslog,4.96E+55,shardId-000000000000,10:42.6
1976,192.0.79.54,Laptop,0b:e1:27:17:9f:5f,anthonyhernandez,https://www.amazon.com/Suite-Alice-Womens-Trousers-Large/dp/B0763SBQRT/ref=lp_17689965011_1_40?s=apparel&ie=UTF8&qid=1523543051&sr=1-40&nodeID=17689965011&psd=1,,N,N,192,Y,10/30/2018,2018-10-30T06:10:43.682536,Accesslog,4.96E+55,shardId-000000000000,10:43.7
1552,203.0.122.178,Laptop,02:47:3e:68:06:41,carol17,https://www.amazon.com/Pressure-Portable-Accuracy-Readings-included/dp/B074F3QPNY/ref=sr_1_6_s_it?s=hpc&ie=UTF8&qid=1523477144&sr=1-6&keywords=blood%2Bpressure%2Bmonitor&th=1,,N,N,108,Y,10/30/2018,2018-10-30T06:10:44.787076,Accesslog,4.96E+55,shardId-000000000000,10:44.8
1834,192.27.27.220,Smart-TV,8e:0f:fc:8e:0a:13,wmartin,https://www.amazon.com/Outdoor-Exploration-Young-Kids-Case/dp/B0754N9PMS/ref=gbps_img_m-6_c384_0c1fddc3?smid=A25UVQ9KXPS81A&pf_rd_p=ff79ced4-5db9-455b-bf03-bc212430c384&pf_rd_,Others,Y,N,2,N,10/30/2018,2018-10-30T06:10:45.892032,Accesslog,4.96E+55,shardId-000000000000,10:45.9
1695,100.45.114.213,Tab,0f:ee:57:5d:f5:54,jeffreystevens,https://www.amazon.com/s/ref=nb_sb_ss_i_3_5?url=search-alias%3Dmovies-tv&field-keywords=frozen+blu+ray&sprefix=froze%2Cmovies-tv%2C157&crid=19VQBBRK1Q3A7,Safari,N,N,9,N,10/30/2018,2018-10-30T06:10:46.998119,Accesslog,4.96E+55,shardId-000000000000,10:47.0
1283,192.31.209.96,Smart-TV,51:93:1b:60:75:a2,bestalex,https://www.amazon.com/Pressure-Portable-Accuracy-Readings-included/dp/B074F3QPNY/ref=sr_1_6_s_it?s=hpc&ie=UTF8&qid=1523477144&sr=1-6&keywords=blood%2Bpressure%2Bmonitor&th=1,Chrome,N,Y,179,Y,10/30/2018,2018-10-30T06:10:48.103352,Accesslog,4.96E+55,shardId-000000000000,10:48.1
1242,198.190.170.240,Mobile,69:22:9e:00:38:1b,alexandertaylor,https://www.amazon.com/Essentialist-Womens-Pleated-High-Waist-Niagara/dp/B073RB1V1K/ref=lp_17689965011_1_39?s=apparel&ie=UTF8&qid=1523543120&sr=1-39&nodeID=17689965011&psd=1,Safari,N,N,64,Y,10/30/2018,2018-10-30T06:10:49.208150,Accesslog,4.96E+55,shardId-000000000000,10:49.2
1630,192.88.101.31,Mobile,06:8e:65:c7:c0:d3,houstontimothy,https://www.amazon.com/s/ref=nb_sb_ss_fb_1_17?url=search-alias%3Daps&field-keywords=washer+machine+faucet&sprefix=washer+machine+fa%2Chpc%2C160&crid=2B1CAWTSGDXL8&rh=i%3Aaps%,Chrome,N,Y,3,N,10/30/2018,2018-10-30T06:10:50.312671,Accesslog,4.96E+55,shardId-000000000000,10:50.3
1100,192.175.19.153,Laptop,55:cb:4f:a1:22:ed,wsherman,https://www.amazon.com/Pampers/pages/2598115011/ref=amb_link_1?pf_rd_m=ATVPDKIKX0DER&pf_rd_s=merchandised-search-left-3&pf_rd_r=CKP3CG5BH6VQ2PTRVQ06&pf_rd_r=CKP3CG5BH6VQ2PT,,N,Y,89,Y,10/30/2018,2018-10-30T06:10:51.417160,Accesslog,4.96E+55,shardId-000000000000,10:51.4
1740,198.95.37.167,Laptop,34:be:7a:3c:76:cc,annaclark,https://www.amazon.com/s/ref=nb_sb_ss_i_7_2?url=search-alias%3Dfashion-luggage&field-keywords=frye+duffel+bag&sprefix=fr%2Cmovies-tv%2C147&crid=2PPEUNAVH29M7,,N,Y,8,N,10/30/2018,2018-10-30T06:10:52.521254,Accesslog,4.96E+55,shardId-000000000000,10:52.5
1508,192.88.96.234,Laptop,45:b1:3a:57:8e:30,lewisstephanie,https://www.amazon.com/wedding/mp/registry-suggestion?categoryId=bed-bath,,N,N,7,N,10/30/2018,2018-10-30T06:10:53.627562,Accesslog,4.96E+55,shardId-000000000000,10:53.6
1864,169.246.79.224,Tab,64:56:17:a5:38:79,jvance,https://www.amazon.com/s/ref=nb_sb_ss_c_1_3?url=search-alias%3Daps&field-keywords=tv+wall+mount&sprefix=tv+%2Caps%2C157&crid=WZ2PCAOCKM4C,Others,Y,Y,143,Y,10/30/2018,2018-10-30T06:10:54.732149,Accesslog,4.96E+55,shardId-000000000000,10:54.7
1429,203.3.28.69,Mobile,c1:5e:d2:6d:5d:93,kylecunningham,https://www.amazon.com/s/ref=lp_3880961_ex_n_5?rh=n%3A7141123011%2Cn%3A7147442011%2Cn%3A3880961%2Cn%3A3881481&bbn=3880961&ie=UTF8&qid=1523479981,Chrome,N,Y,4,N,10/30/2018,2018-10-30T06:10:55.837088,Accesslog,4.96E+55,shardId-000000000000,10:55.8
1541,192.53.19.134,Smart-TV,a3:47:ac:ce:ec:a2,lauren10,https://www.amazon.com/s/ref=nb_sb_ss_i_3_5?url=search-alias%3Dmovies-tv&field-keywords=frozen+blu+ray&sprefix=froze%2Cmovies-tv%2C157&crid=19VQBBRK1Q3A7,Firefox,N,N,9,N,10/30/2018,2018-10-30T06:10:56.941765,Accesslog,4.96E+55,shardId-000000000000,10:57.0
1122,192.0.3.56,Tab,d6:7a:5f:fb:78:a3,qmoore,https://www.amazon.com/Earths-Best-Organic-Sunny-Strawberry/dp/B000VK3SOY/ref=lp_11463084011_1_1?srs=7301146011&ie=UTF8&qid=1523482684&sr=8-1,Chrome,N,N,165,Y,10/30/2018,2018-10-30T06:10:58.122251,Accesslog,4.96E+55,shardId-000000000000,10:58.1
1825,198.51.111.189,Mobile,78:f9:aa:ce:ec:31,jamescalderon,https://www.amazon.com/s/ref=nb_sb_ss_i_1_5?url=search-alias%3Dlawngarden&field-keywords=garden+hose&sprefix=garde%2Ctoys-and-games%2C149&crid=2SM6UK0NB67NS,Chrome,N,Y,131,Y,10/30/2018,2018-10-30T06:10:59.227259,Accesslog,4.96E+55,shardId-000000000000,10:59.2
1341,199.114.54.28,Smart-TV,58:76:42:3d:72:56,larryrivera,https://www.amazon.com/Pampers/pages/2598115011/ref=amb_link_1?pf_rd_m=ATVPDKIKX0DER&pf_rd_s=merchandised-search-left-3&pf_rd_r=CKP3CG5BH6VQ2PTRVQ06&pf_rd_r=CKP3CG5BH6VQ2PT,Firefox,N,Y,6,N,10/30/2018,2018-10-30T06:11:00.331805,Accesslog,4.96E+55,shardId-000000000000,11:00.3
1025,203.0.60.202,Mobile,13:35:cf:b8:e3:94,adrianhurst,https://www.amazon.com/Lunvon-Screen-Monitors-400X400-Articulating/dp/B075XFGMYK/ref=sr_1_10?s=furniture&ie=UTF8&qid=1523476783&sr=1-10&keywords=tv+wall+mount,Firefox,N,N,120,Y,10/30/2018,2018-10-30T06:11:01.437882,Accesslog,4.96E+55,shardId-000000000000,11:01.5
1695,192.52.217.249,Laptop,89:d4:62:96:78:8d,sharon39,https://www.amazon.com/s/ref=nb_sb_ss_i_7_1?url=search-alias%3Daps&field-keywords=blood+pressure+monitor&sprefix=b%2Caps%2C281&crid=75HAPOMI2393,,N,N,2,N,10/30/2018,2018-10-30T06:11:02.551635,Accesslog,4.96E+55,shardId-000000000000,11:02.6
1410,195.226.114.215,Laptop,77:dd:e1:32:cb:8e,ihunter,https://www.amazon.com/Earths-Best-Organic-Sunny-Strawberry/dp/B000VK3SOY/ref=lp_11463084011_1_1?srs=7301146011&ie=UTF8&qid=1523482684&sr=8-1,,N,Y,6,N,10/30/2018,2018-10-30T06:11:03.655933,Accesslog,4.96E+55,shardId-000000000000,11:03.7
1544,192.88.101.131,Tab,af:14:21:e7:97:4e,williamsconnor,https://www.amazon.com/s/ref=lp_7141123011_ex_n_11?rh=n%3A7141123011%2Cn%3A7586166011&bbn=7141123011&ie=UTF8,Firefox,N,Y,6,N,10/30/2018,2018-10-30T06:11:04.760490,Accesslog,4.96E+55,shardId-000000000000,11:04.8
1403,102.143.15.183,Smart-TV,61:61:a2:b0:65:72,samuelperry,https://www.amazon.com/Melissa-Doug-Role-Play-Collection/dp/B00FJ5V4PQ/ref=pd_rhf_pe_s_cp_0_3?_encoding=UTF8&pd_rd_i=B00FJ5V4PQ&pd_rd_r=N0JRSNJS52CB9Z575R8W&pd_rd_w=ihOL5&pd_r,Others,Y,Y,8,N,10/30/2018,2018-10-30T06:11:05.870242,Accesslog,4.96E+55,shardId-000000000000,11:05.9
1551,192.31.225.97,Laptop,43:c7:48:81:0b:70,tracey27,https://www.amazon.com/s/ref=pntry_wayfind_4_1_a?srs=7301146011&rh=i%3Apantry%2Cn%3A3760911%2Cn%3A!11055981%2Cn%3A11060451&bbn=11055981&rw_html_to_wsrp=1,,N,N,51,Y,10/30/2018,2018-10-30T06:11:06.974810,Accesslog,4.96E+55,shardId-000000000000,11:07.0
1526,192.31.238.27,Mobile,cc:de:55:d7:08:5f,ingramrichard,https://www.amazon.com/BLUETIME-Hollow-Pleated-Floral-Suspender/dp/B01GHN7574/ref=pd_sim_193_7?_encoding=UTF8&pd_rd_i=B01GHN7574&pd_rd_r=GKHP82C1GET9E4RTE6KM&pd_rd_w=7wMSM,Chrome,N,N,89,Y,10/30/2018,2018-10-30T06:11:08.079113,Accesslog,4.96E+55,shardId-000000000000,11:08.1
1373,192.4.106.140,Mobile,a6:b8:90:d8:21:57,eugenegarcia,https://www.amazon.com/s/ref=lp_7141123011_ex_n_11?rh=n%3A7141123011%2Cn%3A7586166011&bbn=7141123011&ie=UTF8,Firefox,N,Y,5,N,10/30/2018,2018-10-30T06:11:09.183496,Accesslog,4.96E+55,shardId-000000000000,11:09.2
1248,198.27.67.198,Tab,31:80:82:7b:e4:30,ericwilson, https://www.amazon.com/stream/ref=nav_upnav_LargeImage_C_Detail?asCursor=WyIxLjgiLCJ0czEtd2VibGFiIiwiMTUyMzUzMTU4MDAwMCIsIiIsIlMwMDMxOjA6bnVsbCIsIlMwMDMxOjExNDoxMTMiLCJTMDA,Safari,N,N,118,Y,10/30/2018,2018-10-30T06:11:10.288654,Accesslog,4.96E+55,shardId-000000000000,11:10.3
1974,121.89.197.92,Laptop,95:61:cf:53:60:f2,emily23,https://www.amazon.com/Pressure-Portable-Accuracy-Readings-included/dp/B074F3QPNY/ref=sr_1_6_s_it?s=hpc&ie=UTF8&qid=1523477144&sr=1-6&keywords=blood%2Bpressure%2Bmonitor&th=1,,N,Y,124,Y,10/30/2018,2018-10-30T06:11:11.392610,Accesslog,4.96E+55,shardId-000000000000,11:11.4
1628,192.88.96.36,Mobile,14:68:8b:62:49:82,amy60,https://www.amazon.com/JJ-Perfection-Sleeveless-Double-Layered-Pleated/dp/B06XPNM58M/ref=pd_rhf_pe_s_cp_0_7?_encoding=UTF8&pd_rd_i=B06XPNM58M&pd_rd_r=A7KS6VY5SDA81BQ1E4FD&pd_r,Firefox,N,Y,191,Y,10/30/2018,2018-10-30T06:11:12.497981,Accesslog,4.96E+55,shardId-000000000000,11:12.5
1370,192.81.17.104,Tab,92:68:d1:8d:51:a8,hendersonnicole,https://www.amazon.com/wedding/mp/registry-suggestion?categoryId=gift-experiences,Safari,N,N,9,N,10/30/2018,2018-10-30T06:11:13.603203,Accesslog,4.96E+55,shardId-000000000000,11:13.6
1561,192.31.233.154,Smart-TV,6d:75:f4:79:b3:a6,michelle21,https://www.amazon.com/stream/ref=nav_upnav_LargeImage_C_Detail?asCursor=WyIxLjgiLCJ0czEtd2VibGFiIiwiMTUyMzUzMTU4MDAwMCIsIiIsIlMwMDMxOjA6bnVsbCIsIlMwMDMxOjI0NjoyNDUiLCJTMDAz,Safari,N,N,167,Y,10/30/2018,2018-10-30T06:11:14.708208,Accesslog,4.96E+55,shardId-000000000000,11:14.7
1334,192.88.103.65,Mobile,58:0f:06:a1:59:29,latashacrawford,https://www.amazon.com/gp/product/B01MY47MPW/ref=s9_acsd_cdeal_hd_bw_bkOK7_c_x_w?pf_rd_m=ATVPDKIKX0DER&pf_rd_s=merchandised-search-5&pf_rd_r=PW3874GBPJ110GWJZ6W5&pf_rd_t=10,Others,Y,Y,63,Y,10/30/2018,2018-10-30T06:11:15.827018,Accesslog,4.96E+55,shardId-000000000000,11:15.8
1752,192.0.4.253,Laptop,d5:b6:7a:7f:e2:35,amurphy,https://www.amazon.com/s/ref=lp_3880961_ex_n_5?rh=n%3A7141123011%2Cn%3A7147442011%2Cn%3A3880961%2Cn%3A3881481&bbn=3880961&ie=UTF8&qid=1523479981,,N,N,5,N,10/30/2018,2018-10-30T06:11:16.931153,Accesslog,4.96E+55,shardId-000000000000,11:16.9
1125,198.51.36.254,Mobile,10:17:72:ad:fe:ca,nicholasbautista,https://www.amazon.com/Suite-Alice-Womens-Trousers-Large/dp/B0763SBQRT/ref=lp_17689965011_1_40?s=apparel&ie=UTF8&qid=1523543051&sr=1-40&nodeID=17689965011&psd=1,Safari,N,Y,178,Y,10/30/2018,2018-10-30T06:11:18.036989,Accesslog,4.96E+55,shardId-000000000000,11:18.0
1887,192.54.216.84,Smart-TV,99:81:ed:99:fd:46,stephaniecamacho,https://www.amazon.com/stream/ref=nav_upnav_LargeImage_C_Detail?asCursor=WyIxLjgiLCJ0czEtd2VibGFiIiwiMTUyMzUzMTU4MDAwMCIsIiIsIlMwMDMxOjA6bnVsbCIsIlMwMDMxOjI0NjoyNDUiLCJTMDAz,Safari,N,N,9,N,10/30/2018,2018-10-30T06:11:19.144194,Accesslog,4.96E+55,shardId-000000000000,11:19.1
1931,192.175.49.236,Smart-TV,ca:fb:f2:fe:a6:63,owensstacey,https://www.amazon.com/Mattresses-Box-Springs/b/ref=nav_shopall_home_mattresses?ie=UTF8&node=3732961,Safari,N,N,116,Y,10/30/2018,2018-10-30T06:11:20.249579,Accesslog,4.96E+55,shardId-000000000000,11:20.3
1195,192.108.83.133,Smart-TV,26:d9:62:3a:c5:70,hannahgomez,https://www.amazon.com/s/ref=pntry_wayfind_3_3_b?srs=7301146011&fst=p90x%3A1&rh=n%3A2972638011&ie=UTF8&qid=1486677564,Chrome,N,Y,2,N,10/30/2018,2018-10-30T06:11:21.355281,Accesslog,4.96E+55,shardId-000000000000,11:21.4
1124,192.52.205.227,Smart-TV,a8:e8:63:51:22:f2,madison84,https://www.amazon.com/wedding/mp/registry-suggestion?categoryId=gift-experiences,Chrome,N,Y,158,Y,10/30/2018,2018-10-30T06:11:22.460468,Accesslog,4.96E+55,shardId-000000000000,11:22.5
1435,198.9.117.197,Laptop,4c:1a:55:3b:28:d0,erikhudson,https://www.amazon.com/BLUETIME-Hollow-Pleated-Floral-Suspender/dp/B01GHN7574/ref=pd_sim_193_7?_encoding=UTF8&pd_rd_i=B01GHN7574&pd_rd_r=GKHP82C1GET9E4RTE6KM&pd_rd_w=7wMSM,,N,N,1,N,10/30/2018,2018-10-30T06:11:23.565005,Accesslog,4.96E+55,shardId-000000000000,11:23.6
1058,203.0.20.47,Laptop,99:4d:43:d2:94:f4,karen15,https://www.amazon.com/Earths-Best-Organic-Sunny-Strawberry/dp/B000VK3SOY/ref=lp_11463084011_1_1?srs=7301146011&ie=UTF8&qid=1523482684&sr=8-1,,N,N,156,Y,10/30/2018,2018-10-30T06:11:24.668295,Accesslog,4.96E+55,shardId-000000000000,11:24.7
1673,24.246.80.74,Mobile,a4:cc:6f:a1:ec:09,lamcindy,https://www.amazon.com/LOr%C3%A9al-Paris-Voluminous-Original-Mascara/dp/B00Z8FRHNA/ref=sr_1_4?srs=7301146011&ie=UTF8&qid=1523481798&sr=1-4,Chrome,N,N,4,N,10/30/2018,2018-10-30T06:11:25.773570,Accesslog,4.96E+55,shardId-000000000000,11:25.8
1075,3.40.221.141,Laptop,dd:1a:04:b8:35:55,frazierchristy,https://www.amazon.com/stream/ref=nav_upnav_LargeImage_C_Detail?asCursor=WyIxLjgiLCJ0czEtd2VibGFiIiwiMTUyMzUzMTU4MDAwMCIsIiIsIlMwMDMxOjA6bnVsbCIsIlMwMDMxOjMwOjI5IiwiUzAwMzE6,,N,Y,192,Y,10/30/2018,2018-10-30T06:11:26.878715,Accesslog,4.96E+55,shardId-000000000000,11:26.9
1320,192.0.4.44,Smart-TV,98:c5:0d:45:0f:ce,twalker,https://www.amazon.com/s/ref=pntry_wayfind_3_3_b?srs=7301146011&fst=p90x%3A1&rh=n%3A2972638011&ie=UTF8&qid=1486677564,Firefox,N,N,8,N,10/30/2018,2018-10-30T06:11:27.983194,Accesslog,4.96E+55,shardId-000000000000,11:28.0
1616,192.175.178.55,Laptop,31:ec:00:d3:93:ab,patelsheila,https://www.amazon.com/s/ref=nb_sb_ss_i_3_5?url=search-alias%3Dmovies-tv&field-keywords=frozen+blu+ray&sprefix=froze%2Cmovies-tv%2C157&crid=19VQBBRK1Q3A7,,N,Y,58,Y,10/30/2018,2018-10-30T06:11:29.088279,Accesslog,4.96E+55,shardId-000000000000,11:29.1
1477,198.51.107.251,Smart-TV,79:fb:2c:ac:b5:d1,nancycarrillo, https://www.amazon.com/stream/ref=nav_upnav_LargeImage_C_Detail?asCursor=WyIxLjgiLCJ0czEtd2VibGFiIiwiMTUyMzUzMTU4MDAwMCIsIiIsIlMwMDMxOjA6bnVsbCIsIlMwMDMxOjExNDoxMTMiLCJTMDA,Safari,N,N,9,N,10/30/2018,2018-10-30T06:11:30.192277,Accesslog,4.96E+55,shardId-000000000000,11:30.2
1537,168.185.233.241,Tab,63:eb:46:2e:f7:f0,brittanywagner,https://www.amazon.com/dp/B00ZV9RDKK/ref=fs_ods_smp_tk,Safari,N,Y,171,Y,10/30/2018,2018-10-30T06:11:31.296422,Accesslog,4.96E+55,shardId-000000000000,11:31.3
1982,203.21.224.225,Laptop,41:e7:85:d2:cd:95,wendy24,https://www.amazon.com/Plum-Organics-Teensy-Organic-Toddler/dp/B00X7IPJLC/ref=pd_sim_467_4?_encoding=UTF8&pd_rd_i=B00X7IPJLC&pd_rd_r=Q6KMRPS9QNGET3M4SF3R&pd_rd_w=uvUpl&pd_rd_,,N,Y,9,N,10/30/2018,2018-10-30T06:11:32.400859,Accesslog,4.96E+55,shardId-000000000000,11:32.4
1921,192.175.60.159,Laptop,46:c0:d7:fd:96:af,davismichael,https://www.amazon.com/s/ref=nb_sb_ss_i_4_1?url=search-alias%3Dhpc&field-keywords=batteries&sprefix=b%2Chpc%2C157&crid=1502ZBQCUX15N,,N,Y,95,Y,10/30/2018,2018-10-30T06:11:33.506134,Accesslog,4.96E+55,shardId-000000000000,11:33.5
1815,203.23.181.220,Tab,a5:5a:95:bc:aa:0d,victoria81,https://www.amazon.com/stream/ref=nav_upnav_LargeImage_C_Detail?asCursor=WyIxLjgiLCJ0czEtd2VibGFiIiwiMTUyMzUzMTU4MDAwMCIsIiIsIlMwMDMxOjA6bnVsbCIsIlMwMDMxOjI0NjoyNDUiLCJTMDAz,Others,Y,Y,2,N,10/30/2018,2018-10-30T06:11:34.610075,Accesslog,4.96E+55,shardId-000000000000,11:34.6
1747,124.60.35.65,Tab,61:cf:4a:1c:94:eb,ppace,https://www.amazon.com/gp/product/B01MY47MPW/ref=s9_acsd_cdeal_hd_bw_bkOK7_c_x_w?pf_rd_m=ATVPDKIKX0DER&pf_rd_s=merchandised-search-5&pf_rd_r=PW3874GBPJ110GWJZ6W5&pf_rd_t=10,Chrome,N,Y,101,Y,10/30/2018,2018-10-30T06:11:35.713762,Accesslog,4.96E+55,shardId-000000000000,11:35.7
1887,203.77.166.128,Laptop,4c:38:20:50:0e:ec,ashley25,https://www.amazon.com/s/ref=nb_sb_ss_i_7_1?url=search-alias%3Daps&field-keywords=blood+pressure+monitor&sprefix=b%2Caps%2C281&crid=75HAPOMI2393,,N,N,113,Y,10/30/2018,2018-10-30T06:11:36.818001,Accesslog,4.96E+55,shardId-000000000000,11:36.8
1011,203.1.42.155,Smart-TV,e8:d5:2c:d2:63:81,gonzaleztrevor,https://www.amazon.com/Hefty-Strong-Garbage-Drawstring-Gallon/dp/B014GJXPDE/ref=sr_1_2?srs=7301146011&ie=UTF8&qid=1523544020&sr=1-2,Chrome,N,Y,9,N,10/30/2018,2018-10-30T06:11:37.922985,Accesslog,4.96E+55,shardId-000000000000,11:37.9
1483,192.177.230.235,Tab,53:a2:75:ea:ea:20,wolferachel,https://www.amazon.com/Outdoor-Exploration-Young-Kids-Case/dp/B0754N9PMS/ref=gbps_img_m-6_c384_0c1fddc3?smid=A25UVQ9KXPS81A&pf_rd_p=ff79ced4-5db9-455b-bf03-bc212430c384&pf_rd_,Safari,N,Y,199,Y,10/30/2018,2018-10-30T06:11:39.027691,Accesslog,4.96E+55,shardId-000000000000,11:39.0
1025,192.175.59.121,Smart-TV,b3:9e:94:94:4b:2b,sarah13,https://www.amazon.com/s/ref=nb_sb_ss_i_1_5?url=search-alias%3Dlawngarden&field-keywords=garden+hose&sprefix=garde%2Ctoys-and-games%2C149&crid=2SM6UK0NB67NS,Chrome,N,Y,169,Y,10/30/2018,2018-10-30T06:11:40.130542,Accesslog,4.96E+55,shardId-000000000000,11:40.1
1360,198.51.210.194,Tab,cc:29:99:95:ec:36,rodriguezstephan,https://www.amazon.com/stream/ref=nav_upnav_LargeImage_C_Detail?asCursor=WyIxLjgiLCJ0czEtd2VibGFiIiwiMTUyMzUzMTU4MDAwMCIsIiIsIlMwMDMxOjA6bnVsbCIsIlMwMDMxOjIwOToyMDgiLCJTMDAz,Chrome,N,Y,7,N,10/30/2018,2018-10-30T06:11:41.235654,Accesslog,4.96E+55,shardId-000000000000,11:41.2
1252,192.52.240.70,Mobile,6b:fe:38:25:9d:67,danielduke,https://www.amazon.com/LOr%C3%A9al-Paris-Voluminous-Original-Mascara/dp/B00Z8FRHNA/ref=sr_1_4?srs=7301146011&ie=UTF8&qid=1523481798&sr=1-4,Chrome,N,Y,63,Y,10/30/2018,2018-10-30T06:11:42.341983,Accesslog,4.96E+55,shardId-000000000000,11:42.3
1368,80.239.210.213,Mobile,bd:1f:86:ef:c2:3b,robert86,https://www.amazon.com/stream/ref=nav_upnav_LargeImage_C_Detail?asCursor=WyIxLjgiLCJ0czEtd2VibGFiIiwiMTUyMzUzMTU4MDAwMCIsIiIsIlMwMDMxOjA6bnVsbCIsIlMwMDMxOjI0NjoyNDUiLCJTMDAz,Firefox,N,Y,89,Y,10/30/2018,2018-10-30T06:11:43.447467,Accesslog,4.96E+55,shardId-000000000000,11:43.5
1230,203.0.119.171,Smart-TV,67:d1:94:63:d3:da,hector71,https://www.amazon.com/s/ref=lp_7141123011_ex_n_11?rh=n%3A7141123011%2Cn%3A7586166011&bbn=7141123011&ie=UTF8,Safari,N,Y,5,N,10/30/2018,2018-10-30T06:11:44.552575,Accesslog,4.96E+55,shardId-000000000000,11:44.6
1125,203.27.136.40,Mobile,e2:36:29:2c:09:55,zhayes,https://www.amazon.com/Essentialist-Womens-Pleated-High-Waist-Niagara/dp/B073RB1V1K/ref=lp_17689965011_1_39?s=apparel&ie=UTF8&qid=1523543120&sr=1-39&nodeID=17689965011&psd=1,Safari,N,N,6,N,10/30/2018,2018-10-30T06:11:45.696851,Accesslog,4.96E+55,shardId-000000000000,11:45.7
1247,111.200.37.202,Mobile,28:97:f4:d8:1a:66,valerie56,https://www.amazon.com/Value-Bundle-Petite-Girls-Cosmetic/dp/B06Y1XZ857/ref=pd_ybh_a_5?_encoding=UTF8&psc=1&refRID=VJHVSZTYG9WTDM9Z3VX9,Safari,N,N,120,Y,10/30/2018,2018-10-30T06:11:46.800457,Accesslog,4.96E+55,shardId-000000000000,11:46.8
1494,203.0.233.171,Mobile,6d:e9:aa:98:72:3a,jamesduncan,https://www.amazon.com/s/ref=nb_sb_ss_i_3_14?url=search-alias%3Daps&field-keywords=beauty+products&sprefix=beauty+Product%2Caps%2C166&crid=38BBH6HGCP59H,Firefox,N,Y,1,N,10/30/2018,2018-10-30T06:11:47.905672,Accesslog,4.96E+55,shardId-000000000000,11:47.9
1111,198.51.103.151,Smart-TV,66:8b:4b:f1:56:bc,davidprince,https://www.amazon.com/Hefty-Strong-Garbage-Drawstring-Gallon/dp/B014GJXPDE/ref=sr_1_2?srs=7301146011&ie=UTF8&qid=1523544020&sr=1-2,Chrome,N,Y,1,N,10/30/2018,2018-10-30T06:11:49.010490,Accesslog,4.96E+55,shardId-000000000000,11:49.0
1476,198.49.78.108,Laptop,38:21:c0:4d:d4:9a,marisa46,https://www.amazon.com/s/s/ref=sr_nr_p_6_7?fst=as%3Aoff&rh=n%3A3760901%2Ck%3Abatteries%2Cp_6%3AA16TS8M4NPWTR8&keywords=batteries&ie=UTF8&qid=1523477243&rnid=331556011,,N,N,9,N,10/30/2018,2018-10-30T06:11:50.114777,Accesslog,4.96E+55,shardId-000000000000,11:50.1
1369,198.57.172.120,Smart-TV,21:92:a0:81:f5:3b,jeanette12,https://www.amazon.com/stream/ref=nav_upnav_LargeImage_C_Detail?asCursor=WyIxLjgiLCJ0czEtd2VibGFiIiwiMTUyMzUzMTU4MDAwMCIsIiIsIlMwMDMxOjA6bnVsbCIsIlMwMDMxOjIzNjoyMzUiLCJTMDAz,Chrome,N,N,9,N,10/30/2018,2018-10-30T06:11:51.218599,Accesslog,4.96E+55,shardId-000000000000,11:51.2
1521,192.175.63.208,Tab,77:3b:11:ec:0c:09,hilljoseph,https://www.amazon.com/dp/B00ZV9RDKK/ref=fs_ods_smp_tk,Firefox,N,N,7,N,10/30/2018,2018-10-30T06:11:52.322865,Accesslog,4.96E+55,shardId-000000000000,11:52.3
1026,193.126.200.211,Tab,02:64:04:e0:de:fa,ballamanda,https://www.amazon.com/stream/ref=nav_upnav_LargeImage_C_Detail?asCursor=WyIxLjgiLCJ0czEtd2VibGFiIiwiMTUyMzUzMTU4MDAwMCIsIiIsIlMwMDMxOjA6bnVsbCIsIlMwMDMxOjExNDoxMTMiLCJTMDA,Others,Y,Y,4,N,10/30/2018,2018-10-30T06:11:53.427026,Accesslog,4.96E+55,shardId-000000000000,11:53.4
1272,192.175.53.207,Laptop,e0:67:ce:7f:5c:7d,angelalawrence,https://www.amazon.com/Lunvon-Screen-Monitors-400X400-Articulating/dp/B075XFGMYK/ref=sr_1_10?s=furniture&ie=UTF8&qid=1523476783&sr=1-10&keywords=tv+wall+mount,,N,N,102,Y,10/30/2018,2018-10-30T06:11:54.534865,Accesslog,4.96E+55,shardId-000000000000,11:54.5
1593,36.64.24.93,Laptop,11:13:ac:de:90:c0,wcollins,https://www.amazon.com/Disney-Princess-Dress-Trunk-Exclusive/dp/B0050OTNMC/ref=sr_1_2?s=toys-and-games&ie=UTF8&qid=1523482077&sr=1-2&refinements=p_n_feature_nine_browse-bin%3A3198,,N,N,4,N,10/30/2018,2018-10-30T06:11:55.640356,Accesslog,4.96E+55,shardId-000000000000,11:55.6
1033,100.135.79.141,Tab,4f:92:70:16:64:8f,amanda81,https://www.amazon.com/s/ref=nb_sb_ss_i_4_1?url=search-alias%3Dhpc&field-keywords=batteries&sprefix=b%2Chpc%2C157&crid=1502ZBQCUX15N,Chrome,N,N,60,Y,10/30/2018,2018-10-30T06:11:56.744692,Accesslog,4.96E+55,shardId-000000000000,11:56.7
1823,192.93.139.111,Tab,be:fa:36:19:62:aa,crystal32,https://www.amazon.com/Melissa-Doug-Role-Play-Collection/dp/B00FJ5V4PQ/ref=pd_rhf_pe_s_cp_0_3?_encoding=UTF8&pd_rd_i=B00FJ5V4PQ&pd_rd_r=N0JRSNJS52CB9Z575R8W&pd_rd_w=ihOL5&pd_r,Safari,N,Y,5,N,10/30/2018,2018-10-30T06:11:57.848465,Accesslog,4.96E+55,shardId-000000000000,11:57.9
1025,192.88.96.123,Tab,ea:31:b5:99:3e:82,flemingjacob,https://www.amazon.com/s/ref=nb_sb_ss_i_6_3?url=search-alias%3Dhpc&field-keywords=washer+machine+cleaner&sprefix=was%2Chpc%2C162&crid=3V58GLZMPQWB1,Safari,N,N,4,N,10/30/2018,2018-10-30T06:11:58.954266,Accesslog,4.96E+55,shardId-000000000000,11:59.0
1288,203.144.141.115,Tab,78:54:71:a1:c2:7b,haley97,https://www.amazon.com/Pampers/pages/2598115011/ref=amb_link_1?pf_rd_m=ATVPDKIKX0DER&pf_rd_s=merchandised-search-left-3&pf_rd_r=CKP3CG5BH6VQ2PTRVQ06&pf_rd_r=CKP3CG5BH6VQ2PT,Chrome,N,N,147,Y,10/30/2018,2018-10-30T06:12:00.060002,Accesslog,4.96E+55,shardId-000000000000,12:00.1
1172,200.43.137.127,Mobile,62:fe:45:79:e4:6a,ashleystephens,https://www.amazon.com/BLUETIME-Hollow-Pleated-Floral-Suspender/dp/B01GHN7574/ref=pd_sim_193_7?_encoding=UTF8&pd_rd_i=B01GHN7574&pd_rd_r=GKHP82C1GET9E4RTE6KM&pd_rd_w=7wMSM,Firefox,N,N,171,Y,10/30/2018,2018-10-30T06:12:01.165176,Accesslog,4.96E+55,shardId-000000000000,12:01.2
1035,198.51.83.27,Mobile,af:f9:77:b3:e2:57,roystanley,https://www.amazon.com/s/s/ref=sr_nr_p_6_7?fst=as%3Aoff&rh=n%3A3760901%2Ck%3Abatteries%2Cp_6%3AA16TS8M4NPWTR8&keywords=batteries&ie=UTF8&qid=1523477243&rnid=331556011,Firefox,N,N,8,N,10/30/2018,2018-10-30T06:12:02.270661,Accesslog,4.96E+55,shardId-000000000000,12:02.3
1183,169.91.8.168,Tab,8b:5e:b9:b6:08:db,ekent,https://www.amazon.com/Mattresses-Box-Springs/b/ref=nav_shopall_home_mattresses?ie=UTF8&node=3732961,Safari,N,N,4,N,10/30/2018,2018-10-30T06:12:03.422903,Accesslog,4.96E+55,shardId-000000000000,12:03.4
1457,161.241.133.181,Laptop,79:18:ac:02:f3:4f,ashlee92,https://www.amazon.com/s/ref=lp_7141123011_ex_n_11?rh=n%3A7141123011%2Cn%3A7586166011&bbn=7141123011&ie=UTF8,,N,Y,9,N,10/30/2018,2018-10-30T06:12:04.526567,Accesslog,4.96E+55,shardId-000000000000,12:04.5
1701,203.25.96.234,Smart-TV,a8:60:2a:75:bb:11,gregcarroll,https://www.amazon.com/Pressure-Portable-Accuracy-Readings-included/dp/B074F3QPNY/ref=sr_1_6_s_it?s=hpc&ie=UTF8&qid=1523477144&sr=1-6&keywords=blood%2Bpressure%2Bmonitor&th=1,Chrome,N,N,95,Y,10/30/2018,2018-10-30T06:12:05.630875,Accesslog,4.96E+55,shardId-000000000000,12:05.6
1147,192.19.70.225,Smart-TV,18:87:1e:67:f5:dd,sandrasnyder,https://www.amazon.com/s/ref=lp_3880961_ex_n_5?rh=n%3A7141123011%2Cn%3A7147442011%2Cn%3A3880961%2Cn%3A3881481&bbn=3880961&ie=UTF8&qid=1523479981,Chrome,N,N,97,Y,10/30/2018,2018-10-30T06:12:06.734679,Accesslog,4.96E+55,shardId-000000000000,12:06.7
1357,203.91.144.4,Smart-TV,96:ee:06:6f:03:46,jamiebrewer,https://www.amazon.com/s/b/ref=sv_hg_fl_3736141?ie=UTF8&node=3736141,Firefox,N,Y,2,N,10/30/2018,2018-10-30T06:12:07.843734,Accesslog,4.96E+55,shardId-000000000000,12:07.8
1636,168.92.104.38,Laptop,50:c2:e1:20:bb:9f,adamsrebecca,https://www.amazon.com/wedding/mp/registry-suggestion?categoryId=bed-bath,,N,N,89,Y,10/30/2018,2018-10-30T06:12:08.948876,Accesslog,4.96E+55,shardId-000000000000,12:09.0
1846,192.175.50.130,Smart-TV,99:fb:c4:57:e0:97,parkergregg,https://www.amazon.com/Suite-Alice-Womens-Trousers-Large/dp/B0763SBQRT/ref=lp_17689965011_1_40?s=apparel&ie=UTF8&qid=1523543051&sr=1-40&nodeID=17689965011&psd=1,Others,Y,N,163,Y,10/30/2018,2018-10-30T06:12:10.053859,Accesslog,4.96E+55,shardId-000000000000,12:10.1
1907,217.178.194.188,Mobile,86:81:c6:ad:37:fd,richardharmon,https://www.amazon.com/s/ref=nb_sb_ss_c_1_3?url=search-alias%3Daps&field-keywords=tv+wall+mount&sprefix=tv+%2Caps%2C157&crid=WZ2PCAOCKM4C,Others,Y,Y,115,Y,10/30/2018,2018-10-30T06:12:11.159677,Accesslog,4.96E+55,shardId-000000000000,12:11.2
1700,98.100.255.65,Smart-TV,64:90:f5:0a:10:a1,yruiz,https://www.amazon.com/Mattresses-Box-Springs/b/ref=nav_shopall_home_mattresses?ie=UTF8&node=3732961,Chrome,N,N,2,N,10/30/2018,2018-10-30T06:12:12.264659,Accesslog,4.96E+55,shardId-000000000000,12:12.3
1725,192.31.236.244,Mobile,2d:47:de:1c:5d:b3,lindsay43,https://www.amazon.com/wedding/mp/registry-suggestion?categoryId=gift-experiences,Chrome,N,Y,8,N,10/30/2018,2018-10-30T06:12:13.376462,Accesslog,4.96E+55,shardId-000000000000,12:13.4
1408,192.52.192.155,Smart-TV,3b:40:06:be:df:9e,petersenkathryn,https://www.amazon.com/BLUETIME-Hollow-Pleated-Floral-Suspender/dp/B01GHN7574/ref=pd_sim_193_7?_encoding=UTF8&pd_rd_i=B01GHN7574&pd_rd_r=GKHP82C1GET9E4RTE6KM&pd_rd_w=7wMSM,Others,Y,Y,1,N,10/30/2018,2018-10-30T06:12:14.481653,Accesslog,4.96E+55,shardId-000000000000,12:14.5
1667,192.52.250.152,Mobile,98:27:cb:0a:a7:bc,kimberly72,https://www.amazon.com/s/ref=nb_sb_ss_i_7_2?url=search-alias%3Dfashion-luggage&field-keywords=frye+duffel+bag&sprefix=fr%2Cmovies-tv%2C147&crid=2PPEUNAVH29M7,Safari,N,Y,151,Y,10/30/2018,2018-10-30T06:12:15.586134,Accesslog,4.96E+55,shardId-000000000000,12:15.6
1785,198.53.37.213,Laptop,7e:7e:21:66:6d:7d,susan43,https://www.amazon.com/s/b/ref=sv_hg_fl_3736141?ie=UTF8&node=3736141,,N,N,2,N,10/30/2018,2018-10-30T06:12:16.690153,Accesslog,4.96E+55,shardId-000000000000,12:16.7
1042,22.66.80.238,Laptop,f5:c3:73:94:92:3c,bentonbeth,https://www.amazon.com/gp/product/B01DMP9RSK/ref=s9_acsd_zgift_hd_bw_b7nhwAl_c_x_w?pf_rd_m=ATVPDKIKX0DER&pf_rd_s=merchandised-search-12&pf_rd_r=E69W2SVTFE2T2CF2QPHK&pf_rd_t=10,,N,Y,5,N,10/30/2018,2018-10-30T06:12:17.796712,Accesslog,4.96E+55,shardId-000000000000,12:17.8
1592,192.52.195.193,Laptop,38:4b:19:34:b9:6b,michael58,https://www.amazon.com/stream/ref=nav_upnav_LargeImage_C_Detail?asCursor=WyIxLjgiLCJ0czEtd2VibGFiIiwiMTUyMzUzMTU4MDAwMCIsIiIsIlMwMDMxOjA6bnVsbCIsIlMwMDMxOjExNDoxMTMiLCJTMDA,,N,Y,100,Y,10/30/2018,2018-10-30T06:12:18.941457,Accesslog,4.96E+55,shardId-000000000000,12:18.9
1056,192.0.118.174,Tab,a8:08:dd:09:43:09,johnathancarroll,https://www.amazon.com/s/ref=nb_sb_ss_i_6_3?url=search-alias%3Dhpc&field-keywords=washer+machine+cleaner&sprefix=was%2Chpc%2C162&crid=3V58GLZMPQWB1,Chrome,N,Y,9,N,10/30/2018,2018-10-30T06:12:20.045606,Accesslog,4.96E+55,shardId-000000000000,12:20.1
1764,198.23.220.138,Smart-TV,13:81:e5:a3:ab:da,fbowers,https://www.amazon.com/s/ref=nb_sb_ss_i_7_2?url=search-alias%3Dfashion-luggage&field-keywords=frye+duffel+bag&sprefix=fr%2Cmovies-tv%2C147&crid=2PPEUNAVH29M7,Chrome,N,N,6,N,10/30/2018,2018-10-30T06:12:21.149740,Accesslog,4.96E+55,shardId-000000000000,12:21.2
1364,192.174.139.161,Laptop,0e:f1:c2:25:ae:f5,matthewbrown,https://www.amazon.com/LOr%C3%A9al-Paris-Voluminous-Original-Mascara/dp/B00Z8FRHNA/ref=sr_1_4?srs=7301146011&ie=UTF8&qid=1523481798&sr=1-4,,N,Y,4,N,10/30/2018,2018-10-30T06:12:22.256897,Accesslog,4.96E+55,shardId-000000000000,12:22.3
1465,103.175.28.228,Laptop,ea:fc:48:eb:e7:30,williamsjonathan,https://www.amazon.com/Hefty-Strong-Garbage-Drawstring-Gallon/dp/B014GJXPDE/ref=sr_1_2?srs=7301146011&ie=UTF8&qid=1523544020&sr=1-2,,N,N,5,N,10/30/2018,2018-10-30T06:12:23.361726,Accesslog,4.96E+55,shardId-000000000000,12:23.4
1593,192.0.7.237,Tab,50:f2:17:80:78:2d,kerrashley, https://www.amazon.com/stream/ref=nav_upnav_LargeImage_C_Detail?asCursor=WyIxLjgiLCJ0czEtd2VibGFiIiwiMTUyMzUzMTU4MDAwMCIsIiIsIlMwMDMxOjA6bnVsbCIsIlMwMDMxOjExNDoxMTMiLCJTMDA,Others,Y,Y,5,N,10/30/2018,2018-10-30T06:12:24.466943,Accesslog,4.96E+55,shardId-000000000000,12:24.5
1989,203.67.179.217,Tab,1e:49:d3:4e:40:64,fdavis,https://www.amazon.com/Pepperidge-Farm-Goldfish-Crackers-Cheddar/dp/B00IAE6S1I/ref=lp_8422704011_1_7?srs=7301146011&ie=UTF8&qid=1523481644&sr=8-7,Safari,N,Y,100,Y,10/30/2018,2018-10-30T06:12:25.573074,Accesslog,4.96E+55,shardId-000000000000,12:25.6
1995,198.70.191.115,Mobile,46:fa:bd:5a:9d:c8,maxwellclay,https://www.amazon.com/JJ-Perfection-Sleeveless-Double-Layered-Pleated/dp/B06XPNM58M/ref=pd_rhf_pe_s_cp_0_7?_encoding=UTF8&pd_rd_i=B06XPNM58M&pd_rd_r=A7KS6VY5SDA81BQ1E4FD&pd_r,Chrome,N,N,54,Y,10/30/2018,2018-10-30T06:12:26.696769,Accesslog,4.96E+55,shardId-000000000000,12:26.7
1048,169.248.78.244,Mobile,22:a0:dc:10:1d:67,donna54,https://www.amazon.com/stream/ref=nav_upnav_LargeImage_C_Detail?asCursor=WyIxLjgiLCJ0czEtd2VibGFiIiwiMTUyMzUzMTU4MDAwMCIsIiIsIlMwMDMxOjA6bnVsbCIsIlMwMDMxOjIwOToyMDgiLCJTMDAz,Safari,N,Y,4,N,10/30/2018,2018-10-30T06:12:27.801477,Accesslog,4.96E+55,shardId-000000000000,12:27.8
1241,174.167.216.151,Smart-TV,eb:61:08:e3:1d:c8,tmorgan,https://www.amazon.com/s/ref=pntry_wayfind_4_1_a?srs=7301146011&rh=i%3Apantry%2Cn%3A3760911%2Cn%3A!11055981%2Cn%3A11060451&bbn=11055981&rw_html_to_wsrp=1,Others,Y,N,8,N,10/30/2018,2018-10-30T06:12:28.905536,Accesslog,4.96E+55,shardId-000000000000,12:28.9
1574,192.164.189.144,Tab,b6:18:08:27:98:2e,smithcharles,https://www.amazon.com/Vitamins-and-Dietary-Supplements/b/ref=sv_hpc_1?ie=UTF8&node=3764441,Chrome,N,Y,6,N,10/30/2018,2018-10-30T06:12:30.010630,Accesslog,4.96E+55,shardId-000000000000,12:30.0
1381,192.31.199.194,Laptop,7a:25:5d:99:77:9c,andrea58,https://www.amazon.com/stream/ref=nav_upnav_LargeImage_C_Detail?asCursor=WyIxLjgiLCJ0czEtd2VibGFiIiwiMTUyMzUzMTU4MDAwMCIsIiIsIlMwMDMxOjA6bnVsbCIsIlMwMDMxOjMwOjI5IiwiUzAwMzE6,,N,Y,6,N,10/30/2018,2018-10-30T06:12:31.115100,Accesslog,4.96E+55,shardId-000000000000,12:31.1
1768,192.92.11.133,Tab,d8:8d:b8:82:76:e9,dean04,https://www.amazon.com/Pepperidge-Farm-Goldfish-Crackers-Cheddar/dp/B00IAE6S1I/ref=lp_8422704011_1_7?srs=7301146011&ie=UTF8&qid=1523481644&sr=8-7,Chrome,N,N,106,Y,10/30/2018,2018-10-30T06:12:32.221378,Accesslog,4.96E+55,shardId-000000000000,12:32.2
1010,36.188.119.202,Laptop,6c:be:ad:71:70:bf,cbray,https://www.amazon.com/Disney-Princess-Dress-Trunk-Exclusive/dp/B0050OTNMC/ref=sr_1_2?s=toys-and-games&ie=UTF8&qid=1523482077&sr=1-2&refinements=p_n_feature_nine_browse-bin%3A3198,,N,N,8,N,10/30/2018,2018-10-30T06:12:33.325429,Accesslog,4.96E+55,shardId-000000000000,12:33.3
1073,192.52.200.211,Laptop,b3:7e:c2:01:74:8b,irussell,https://www.amazon.com/wedding/mp/registry-suggestion?categoryId=gift-experiences,,N,N,136,Y,10/30/2018,2018-10-30T06:12:34.430013,Accesslog,4.96E+55,shardId-000000000000,12:34.4
1657,203.102.103.51,Laptop,c4:cd:72:9d:8f:98,wwilson,https://www.amazon.com/wedding/mp/registry-suggestion?categoryId=bed-bath,,N,N,7,N,10/30/2018,2018-10-30T06:12:35.535154,Accesslog,4.96E+55,shardId-000000000000,12:35.5
1592,199.41.98.91,Smart-TV,18:e7:df:d1:88:93,jasonduran,https://www.amazon.com/Vitamins-and-Dietary-Supplements/b/ref=sv_hpc_1?ie=UTF8&node=3764441,Chrome,N,N,161,Y,10/30/2018,2018-10-30T06:12:36.639844,Accesslog,4.96E+55,shardId-000000000000,12:36.6
1295,102.79.191.138,Mobile,1f:b2:b1:b5:db:14,daniellewis,https://www.amazon.com/stream/ref=nav_upnav_LargeImage_C_Detail?asCursor=WyIxLjgiLCJ0czEtd2VibGFiIiwiMTUyMzUzMTU4MDAwMCIsIiIsIlMwMDMxOjA6bnVsbCIsIlMwMDMxOjMwOjI5IiwiUzAwMzE6,Chrome,N,N,171,Y,10/30/2018,2018-10-30T06:12:37.743762,Accesslog,4.96E+55,shardId-000000000000,12:37.8
1787,192.89.113.12,Tab,9a:d7:0c:c7:3c:6a,reynoldsallison,https://www.amazon.com/Lunvon-Screen-Monitors-400X400-Articulating/dp/B075XFGMYK/ref=sr_1_10?s=furniture&ie=UTF8&qid=1523476783&sr=1-10&keywords=tv+wall+mount,Firefox,N,N,5,N,10/30/2018,2018-10-30T06:12:38.947802,Accesslog,4.96E+55,shardId-000000000000,12:39.0
1356,3.114.240.224,Smart-TV,2b:4f:58:8c:c0:7e,igrimes,https://www.amazon.com/s/ref=nb_sb_ss_c_1_3?url=search-alias%3Daps&field-keywords=tv+wall+mount&sprefix=tv+%2Caps%2C157&crid=WZ2PCAOCKM4C,Safari,N,Y,3,N,10/30/2018,2018-10-30T06:12:40.052397,Accesslog,4.96E+55,shardId-000000000000,12:40.1
1154,100.46.163.144,Mobile,44:f0:66:5b:dc:54,michellekelly,https://www.amazon.com/Outdoor-Exploration-Young-Kids-Case/dp/B0754N9PMS/ref=gbps_img_m-6_c384_0c1fddc3?smid=A25UVQ9KXPS81A&pf_rd_p=ff79ced4-5db9-455b-bf03-bc212430c384&pf_rd_,Safari,N,Y,161,Y,10/30/2018,2018-10-30T06:12:41.157903,Accesslog,4.96E+55,shardId-000000000000,12:41.2
1620,192.175.59.192,Mobile,96:19:c3:97:8b:a0,clinton18,https://www.amazon.com/s/ref=pntry_wayfind_4_1_a?srs=7301146011&rh=i%3Apantry%2Cn%3A3760911%2Cn%3A!11055981%2Cn%3A11060451&bbn=11055981&rw_html_to_wsrp=1,Firefox,N,N,127,Y,10/30/2018,2018-10-30T06:12:42.262423,Accesslog,4.96E+55,shardId-000000000000,12:42.3
1465,192.175.50.13,Smart-TV,19:89:7e:b4:96:44,veronica43,https://www.amazon.com/Suite-Alice-Womens-Trousers-Large/dp/B0763SBQRT/ref=lp_17689965011_1_40?s=apparel&ie=UTF8&qid=1523543051&sr=1-40&nodeID=17689965011&psd=1,Firefox,N,Y,111,Y,10/30/2018,2018-10-30T06:12:43.366105,Accesslog,4.96E+55,shardId-000000000000,12:43.4
1798,192.89.170.249,Tab,90:a8:21:89:79:2e,zburgess,https://www.amazon.com/stream/ref=nav_upnav_LargeImage_C_Detail?asCursor=WyIxLjgiLCJ0czEtd2VibGFiIiwiMTUyMzUzMTU4MDAwMCIsIiIsIlMwMDMxOjA6bnVsbCIsIlMwMDMxOjExNDoxMTMiLCJTMDA,Chrome,N,Y,1,N,10/30/2018,2018-10-30T06:12:44.471581,Accesslog,4.96E+55,shardId-000000000000,12:44.5
1265,198.51.11.22,Laptop,90:9e:45:41:3f:a4,phillip79,https://www.amazon.com/s/b/ref=sv_hg_fl_3736141?ie=UTF8&node=3736141,,N,N,6,N,10/30/2018,2018-10-30T06:12:45.576697,Accesslog,4.96E+55,shardId-000000000000,12:45.6
1753,203.52.131.78,Laptop,65:84:55:eb:44:0a,susan43,https://www.amazon.com/s/ref=nb_sb_ss_i_1_5?url=search-alias%3Dlawngarden&field-keywords=garden+hose&sprefix=garde%2Ctoys-and-games%2C149&crid=2SM6UK0NB67NS,,N,Y,140,Y,10/30/2018,2018-10-30T06:12:46.681363,Accesslog,4.96E+55,shardId-000000000000,12:46.7
1853,167.246.133.222,Mobile,4c:41:87:63:c4:fe,laurablanchard,https://www.amazon.com/s/ref=lp_7141123011_ex_n_11?rh=n%3A7141123011%2Cn%3A7586166011&bbn=7141123011&ie=UTF8,Chrome,N,Y,199,Y,10/30/2018,2018-10-30T06:12:47.786281,Accesslog,4.96E+55,shardId-000000000000,12:47.8
1815,203.0.114.122,Tab,ed:33:b3:f3:63:4d,cchung,https://www.amazon.com/BLUETIME-Hollow-Pleated-Floral-Suspender/dp/B01GHN7574/ref=pd_sim_193_7?_encoding=UTF8&pd_rd_i=B01GHN7574&pd_rd_r=GKHP82C1GET9E4RTE6KM&pd_rd_w=7wMSM,Safari,N,Y,8,N,10/30/2018,2018-10-30T06:12:48.904410,Accesslog,4.96E+55,shardId-000000000000,12:48.9
1920,192.0.1.147,Mobile,18:97:5e:f2:31:d5,gregorykyle,https://www.amazon.com/s/ref=lp_7141123011_ex_n_11?rh=n%3A7141123011%2Cn%3A7586166011&bbn=7141123011&ie=UTF8,Firefox,N,N,6,N,10/30/2018,2018-10-30T06:12:50.009650,Accesslog,4.96E+55,shardId-000000000000,12:50.0
1400,169.255.166.186,Smart-TV,47:e5:92:5a:7e:bd,ryandavis,https://www.amazon.com/JJ-Perfection-Sleeveless-Double-Layered-Pleated/dp/B06XPNM58M/ref=pd_rhf_pe_s_cp_0_7?_encoding=UTF8&pd_rd_i=B06XPNM58M&pd_rd_r=A7KS6VY5SDA81BQ1E4FD&pd_r,Others,Y,N,5,N,10/30/2018,2018-10-30T06:12:51.114814,Accesslog,4.96E+55,shardId-000000000000,12:51.1
1112,198.51.108.29,Tab,0c:f6:51:3d:50:27,arthur45,https://www.amazon.com/stream/ref=nav_upnav_LargeImage_C_Detail?asCursor=WyIxLjgiLCJ0czEtd2VibGFiIiwiMTUyMzUzMTU4MDAwMCIsIiIsIlMwMDMxOjA6bnVsbCIsIlMwMDMxOjIwOToyMDgiLCJTMDAz,Safari,N,N,9,N,10/30/2018,2018-10-30T06:12:52.219735,Accesslog,4.96E+55,shardId-000000000000,12:52.2
1425,192.54.101.126,Tab,20:a3:eb:9c:4b:dd,bryanthomas,https://www.amazon.com/Value-Bundle-Petite-Girls-Cosmetic/dp/B06Y1XZ857/ref=pd_ybh_a_5?_encoding=UTF8&psc=1&refRID=VJHVSZTYG9WTDM9Z3VX9,Chrome,N,N,3,N,10/30/2018,2018-10-30T06:12:53.323996,Accesslog,4.96E+55,shardId-000000000000,12:53.3
1948,203.20.177.22,Smart-TV,ba:e3:7e:43:5c:ab,timothypeterson,https://www.amazon.com/stream/ref=nav_upnav_LargeImage_C_Detail?asCursor=WyIxLjgiLCJ0czEtd2VibGFiIiwiMTUyMzUzMTU4MDAwMCIsIiIsIlMwMDMxOjA6bnVsbCIsIlMwMDMxOjMwOjI5IiwiUzAwMzE6,Safari,N,N,4,N,10/30/2018,2018-10-30T06:12:54.427644,Accesslog,4.96E+55,shardId-000000000000,12:54.4
1677,192.168.202.134,Mobile,3a:74:c2:85:f7:78,stevenaustin,https://www.amazon.com/s/ref=nb_sb_ss_i_4_1?url=search-alias%3Dhpc&field-keywords=batteries&sprefix=b%2Chpc%2C157&crid=1502ZBQCUX15N,Chrome,N,N,2,N,10/30/2018,2018-10-30T06:12:55.537462,Accesslog,4.96E+55,shardId-000000000000,12:55.5
1545,100.169.204.143,Laptop,49:92:68:2d:30:7e,jamestran,https://www.amazon.com/Hefty-Strong-Garbage-Drawstring-Gallon/dp/B014GJXPDE/ref=sr_1_2?srs=7301146011&ie=UTF8&qid=1523544020&sr=1-2,,N,N,175,Y,10/30/2018,2018-10-30T06:12:56.642753,Accesslog,4.96E+55,shardId-000000000000,12:56.6
1657,2.59.97.3,Smart-TV,85:e8:bd:b7:cf:71,matthew72,https://www.amazon.com/dp/B00ZV9RDKK/ref=fs_ods_smp_tk,Others,Y,N,98,Y,10/30/2018,2018-10-30T06:12:57.746073,Accesslog,4.96E+55,shardId-000000000000,12:57.8
1218,2.138.75.115,Laptop,7f:5e:b5:21:96:ca,contrerassara,https://www.amazon.com/JJ-Perfection-Sleeveless-Double-Layered-Pleated/dp/B06XPNM58M/ref=pd_rhf_pe_s_cp_0_7?_encoding=UTF8&pd_rd_i=B06XPNM58M&pd_rd_r=A7KS6VY5SDA81BQ1E4FD&pd_r,,N,Y,163,Y,10/30/2018,2018-10-30T06:12:58.859331,Accesslog,4.96E+55,shardId-000000000000,12:58.9
1384,200.92.131.46,Laptop,d8:68:84:b9:23:98,cgilbert,https://www.amazon.com/Value-Bundle-Petite-Girls-Cosmetic/dp/B06Y1XZ857/ref=pd_ybh_a_5?_encoding=UTF8&psc=1&refRID=VJHVSZTYG9WTDM9Z3VX9,,N,Y,2,N,10/30/2018,2018-10-30T06:12:59.964043,Accesslog,4.96E+55,shardId-000000000000,13:00.0
1190,203.0.69.15,Mobile,cc:99:6e:3c:98:e3,briannahunter,https://www.amazon.com/Melissa-Doug-Role-Play-Collection/dp/B00FJ5V4PQ/ref=pd_rhf_pe_s_cp_0_3?_encoding=UTF8&pd_rd_i=B00FJ5V4PQ&pd_rd_r=N0JRSNJS52CB9Z575R8W&pd_rd_w=ihOL5&pd_r,Chrome,N,Y,9,N,10/30/2018,2018-10-30T06:13:01.070154,Accesslog,4.96E+55,shardId-000000000000,13:01.1
1456,192.49.191.179,Laptop,13:5f:3e:dc:87:80,larryhughes,https://www.amazon.com/Melissa-Doug-Role-Play-Collection/dp/B00FJ5V4PQ/ref=pd_rhf_pe_s_cp_0_3?_encoding=UTF8&pd_rd_i=B00FJ5V4PQ&pd_rd_r=N0JRSNJS52CB9Z575R8W&pd_rd_w=ihOL5&pd_r,,N,N,8,N,10/30/2018,2018-10-30T06:13:02.181697,Accesslog,4.96E+55,shardId-000000000000,13:02.2
1471,192.94.69.207,Smart-TV,90:89:31:e7:f0:4e,duaneluna,https://www.amazon.com/s/ref=nb_sb_ss_i_4_1?url=search-alias%3Dhpc&field-keywords=batteries&sprefix=b%2Chpc%2C157&crid=1502ZBQCUX15N,Firefox,N,Y,6,N,10/30/2018,2018-10-30T06:13:03.287884,Accesslog,4.96E+55,shardId-000000000000,13:03.3
1503,198.70.214.126,Laptop,c9:29:30:1c:d0:e8,nmiller,https://www.amazon.com/Mattresses-Box-Springs/b/ref=nav_shopall_home_mattresses?ie=UTF8&node=3732961,,N,Y,7,N,10/30/2018,2018-10-30T06:13:04.391727,Accesslog,4.96E+55,shardId-000000000000,13:04.4
1052,192.89.9.115,Laptop,bc:26:d5:22:3a:f1,angelaking,https://www.amazon.com/Lunvon-Screen-Monitors-400X400-Articulating/dp/B075XFGMYK/ref=sr_1_10?s=furniture&ie=UTF8&qid=1523476783&sr=1-10&keywords=tv+wall+mount,,N,Y,108,Y,10/30/2018,2018-10-30T06:13:05.498212,Accesslog,4.96E+55,shardId-000000000000,13:05.5
1370,192.88.103.178,Smart-TV,ac:03:2b:b9:e4:4d,wilsonallison,https://www.amazon.com/Plum-Organics-Teensy-Organic-Toddler/dp/B00X7IPJLC/ref=pd_sim_467_4?_encoding=UTF8&pd_rd_i=B00X7IPJLC&pd_rd_r=Q6KMRPS9QNGET3M4SF3R&pd_rd_w=uvUpl&pd_rd_,Safari,N,N,192,Y,10/30/2018,2018-10-30T06:13:06.603290,Accesslog,4.96E+55,shardId-000000000000,13:06.6
1200,102.135.101.231,Tab,b4:9c:af:bf:9a:41,christinahill,https://www.amazon.com/s/s/ref=sr_nr_p_6_7?fst=as%3Aoff&rh=n%3A3760901%2Ck%3Abatteries%2Cp_6%3AA16TS8M4NPWTR8&keywords=batteries&ie=UTF8&qid=1523477243&rnid=331556011,Chrome,N,Y,60,Y,10/30/2018,2018-10-30T06:13:07.709098,Accesslog,4.96E+55,shardId-000000000000,13:07.7
1101,203.163.216.10,Tab,b5:8c:b5:fd:aa:c1,joshua45,https://www.amazon.com/s/ref=nb_sb_ss_i_3_14?url=search-alias%3Daps&field-keywords=beauty+products&sprefix=beauty+Product%2Caps%2C166&crid=38BBH6HGCP59H,Safari,N,N,107,Y,10/30/2018,2018-10-30T06:13:08.813606,Accesslog,4.96E+55,shardId-000000000000,13:08.8
1647,169.255.69.124,Smart-TV,0a:ec:08:e7:23:e6,jennifershannon,https://www.amazon.com/Disney-Princess-Dress-Trunk-Exclusive/dp/B0050OTNMC/ref=sr_1_2?s=toys-and-games&ie=UTF8&qid=1523482077&sr=1-2&refinements=p_n_feature_nine_browse-bin%3A3198,Others,Y,N,5,N,10/30/2018,2018-10-30T06:13:09.919189,Accesslog,4.96E+55,shardId-000000000000,13:09.9
1050,1.48.88.23,Laptop,9c:4e:4f:67:5c:68,ebaker,https://www.amazon.com/Essentialist-Womens-Pleated-High-Waist-Niagara/dp/B073RB1V1K/ref=lp_17689965011_1_39?s=apparel&ie=UTF8&qid=1523543120&sr=1-39&nodeID=17689965011&psd=1,,N,Y,61,Y,10/30/2018,2018-10-30T06:13:11.023953,Accesslog,4.96E+55,shardId-000000000000,13:11.0
1921,174.142.99.240,Tab,33:30:1a:97:28:fe,tstewart,https://www.amazon.com/Plum-Organics-Teensy-Organic-Toddler/dp/B00X7IPJLC/ref=pd_sim_467_4?_encoding=UTF8&pd_rd_i=B00X7IPJLC&pd_rd_r=Q6KMRPS9QNGET3M4SF3R&pd_rd_w=uvUpl&pd_rd_,Safari,N,N,54,Y,10/30/2018,2018-10-30T06:13:12.129192,Accesslog,4.96E+55,shardId-000000000000,13:12.1
1718,25.97.122.110,Tab,f0:cb:76:ad:fb:74,vkidd,https://www.amazon.com/Essentialist-Womens-Pleated-High-Waist-Niagara/dp/B073RB1V1K/ref=lp_17689965011_1_39?s=apparel&ie=UTF8&qid=1523543120&sr=1-39&nodeID=17689965011&psd=1,Others,Y,Y,97,Y,10/30/2018,2018-10-30T06:13:13.237531,Accesslog,4.96E+55,shardId-000000000000,13:13.2
1760,192.173.33.229,Laptop,50:73:22:14:cb:f7,kyleallen,https://www.amazon.com/Mattresses-Box-Springs/b/ref=nav_shopall_home_mattresses?ie=UTF8&node=3732961,,N,N,1,N,10/30/2018,2018-10-30T06:13:14.342715,Accesslog,4.96E+55,shardId-000000000000,13:14.3
1677,169.91.125.107,Laptop,17:99:7d:ed:a7:a5,davidsonlisa,https://www.amazon.com/Pampers/pages/2598115011/ref=amb_link_1?pf_rd_m=ATVPDKIKX0DER&pf_rd_s=merchandised-search-left-3&pf_rd_r=CKP3CG5BH6VQ2PTRVQ06&pf_rd_r=CKP3CG5BH6VQ2PT,,N,Y,157,Y,10/30/2018,2018-10-30T06:13:15.449678,Accesslog,4.96E+55,shardId-000000000000,13:15.5
1952,192.175.205.87,Mobile,dd:2f:d9:e2:6c:c9,rebecca61,https://www.amazon.com/Plum-Organics-Teensy-Organic-Toddler/dp/B00X7IPJLC/ref=pd_sim_467_4?_encoding=UTF8&pd_rd_i=B00X7IPJLC&pd_rd_r=Q6KMRPS9QNGET3M4SF3R&pd_rd_w=uvUpl&pd_rd_,Safari,N,N,153,Y,10/30/2018,2018-10-30T06:13:16.553601,Accesslog,4.96E+55,shardId-000000000000,13:16.6
1567,2.232.171.222,Mobile,81:fc:59:e1:d5:a4,lturner,https://www.amazon.com/Plum-Organics-Teensy-Organic-Toddler/dp/B00X7IPJLC/ref=pd_sim_467_4?_encoding=UTF8&pd_rd_i=B00X7IPJLC&pd_rd_r=Q6KMRPS9QNGET3M4SF3R&pd_rd_w=uvUpl&pd_rd_,Chrome,N,Y,9,N,10/30/2018,2018-10-30T06:13:17.657522,Accesslog,4.96E+55,shardId-000000000000,13:17.7
1215,192.173.201.92,Mobile,51:9e:54:d2:0b:90,proctorkimberly,https://www.amazon.com/s/s/ref=sr_nr_p_6_7?fst=as%3Aoff&rh=n%3A3760901%2Ck%3Abatteries%2Cp_6%3AA16TS8M4NPWTR8&keywords=batteries&ie=UTF8&qid=1523477243&rnid=331556011,Safari,N,N,138,Y,10/30/2018,2018-10-30T06:13:18.762427,Accesslog,4.96E+55,shardId-000000000000,13:18.8
1588,192.168.151.178,Laptop,cf:a4:d8:1b:09:5a,jacksonmelanie,https://www.amazon.com/Pepperidge-Farm-Goldfish-Crackers-Cheddar/dp/B00IAE6S1I/ref=lp_8422704011_1_7?srs=7301146011&ie=UTF8&qid=1523481644&sr=8-7,,N,N,8,N,10/30/2018,2018-10-30T06:13:19.868345,Accesslog,4.96E+55,shardId-000000000000,13:19.9
1814,192.175.55.60,Tab,0a:5c:ec:42:51:12,dawn33,https://www.amazon.com/s/ref=nb_sb_ss_i_7_2?url=search-alias%3Dfashion-luggage&field-keywords=frye+duffel+bag&sprefix=fr%2Cmovies-tv%2C147&crid=2PPEUNAVH29M7,Safari,N,N,4,N,10/30/2018,2018-10-30T06:13:20.972337,Accesslog,4.96E+55,shardId-000000000000,13:21.0
1259,192.175.59.48,Mobile,13:fd:f9:25:ef:68,lburke,https://www.amazon.com/s/ref=nb_sb_ss_i_7_2?url=search-alias%3Dfashion-luggage&field-keywords=frye+duffel+bag&sprefix=fr%2Cmovies-tv%2C147&crid=2PPEUNAVH29M7,Chrome,N,N,60,Y,10/30/2018,2018-10-30T06:13:22.076671,Accesslog,4.96E+55,shardId-000000000000,13:22.1
1154,192.251.41.253,Mobile,5e:39:31:e2:57:6e,smithcarla,https://www.amazon.com/Essentialist-Womens-Pleated-High-Waist-Niagara/dp/B073RB1V1K/ref=lp_17689965011_1_39?s=apparel&ie=UTF8&qid=1523543120&sr=1-39&nodeID=17689965011&psd=1,Safari,N,N,170,Y,10/30/2018,2018-10-30T06:13:23.180659,Accesslog,4.96E+55,shardId-000000000000,13:23.2
1498,192.89.105.147,Tab,e4:e0:36:4e:48:09,rbell,https://www.amazon.com/stream/ref=nav_upnav_LargeImage_C_Detail?asCursor=WyIxLjgiLCJ0czEtd2VibGFiIiwiMTUyMzUzMTU4MDAwMCIsIiIsIlMwMDMxOjA6bnVsbCIsIlMwMDMxOjIwOToyMDgiLCJTMDAz,Others,Y,Y,3,N,10/30/2018,2018-10-30T06:13:24.285035,Accesslog,4.96E+55,shardId-000000000000,13:24.3
1986,192.88.103.105,Mobile,a1:1e:cf:62:10:38,kimberlysmith,https://www.amazon.com/L-L-Surprise-Confetti-Pop/dp/B077935QMS/ref=zg_bs_toys-and-games_1?_encoding=UTF8&psc=1&refRID=ZXX6FSZPCED5B4E4BECK,Safari,N,Y,5,N,10/30/2018,2018-10-30T06:13:25.390039,Accesslog,4.96E+55,shardId-000000000000,13:25.4
1075,192.0.86.71,Laptop,eb:fa:b9:77:48:30,jenniferbates,https://www.amazon.com/dp/B00ZV9RDKK/ref=fs_ods_smp_tk,,N,Y,3,N,10/30/2018,2018-10-30T06:13:26.497410,Accesslog,4.96E+55,shardId-000000000000,13:26.5
1090,192.25.32.18,Mobile,a4:d1:3f:aa:b5:74,zsuarez,https://www.amazon.com/Value-Bundle-Petite-Girls-Cosmetic/dp/B06Y1XZ857/ref=pd_ybh_a_5?_encoding=UTF8&psc=1&refRID=VJHVSZTYG9WTDM9Z3VX9,Chrome,N,Y,7,N,10/30/2018,2018-10-30T06:13:27.601588,Accesslog,4.96E+55,shardId-000000000000,13:27.6
1781,192.31.193.253,Tab,d4:cc:38:36:bc:50,victoriavaldez,https://www.amazon.com/s/ref=pntry_wayfind_4_1_a?srs=7301146011&rh=i%3Apantry%2Cn%3A3760911%2Cn%3A!11055981%2Cn%3A11060451&bbn=11055981&rw_html_to_wsrp=1,Firefox,N,N,3,N,10/30/2018,2018-10-30T06:13:28.705770,Accesslog,4.96E+55,shardId-000000000000,13:28.7
1266,203.0.116.135,Smart-TV,85:8c:2e:52:99:bc,phoward,https://www.amazon.com/Disney-Princess-Dress-Trunk-Exclusive/dp/B0050OTNMC/ref=sr_1_2?s=toys-and-games&ie=UTF8&qid=1523482077&sr=1-2&refinements=p_n_feature_nine_browse-bin%3A3198,Chrome,N,Y,6,N,10/30/2018,2018-10-30T06:13:29.810658,Accesslog,4.96E+55,shardId-000000000000,13:29.8
1155,192.52.198.39,Smart-TV,14:f8:af:a5:d2:ee,eric44,https://www.amazon.com/Value-Bundle-Petite-Girls-Cosmetic/dp/B06Y1XZ857/ref=pd_ybh_a_5?_encoding=UTF8&psc=1&refRID=VJHVSZTYG9WTDM9Z3VX9,Safari,N,N,60,Y,10/30/2018,2018-10-30T06:13:30.914138,Accesslog,4.96E+55,shardId-000000000000,13:30.9
1034,192.57.133.218,Mobile,43:9f:15:ed:e3:af,vanessa36,https://www.amazon.com/s/s/ref=sr_nr_p_6_7?fst=as%3Aoff&rh=n%3A3760901%2Ck%3Abatteries%2Cp_6%3AA16TS8M4NPWTR8&keywords=batteries&ie=UTF8&qid=1523477243&rnid=331556011,Firefox,N,Y,1,N,10/30/2018,2018-10-30T06:13:32.018626,Accesslog,4.96E+55,shardId-000000000000,13:32.0
1232,169.255.92.37,Mobile,5c:7b:d1:9d:36:f6,whammond,https://www.amazon.com/LOr%C3%A9al-Paris-Voluminous-Original-Mascara/dp/B00Z8FRHNA/ref=sr_1_4?srs=7301146011&ie=UTF8&qid=1523481798&sr=1-4,Firefox,N,Y,119,Y,10/30/2018,2018-10-30T06:13:33.123321,Accesslog,4.96E+55,shardId-000000000000,13:33.1
1227,203.1.204.60,Tab,ce:b8:af:69:f9:24,belindagriffin,https://www.amazon.com/s/ref=nb_sb_ss_i_1_5?url=search-alias%3Dlawngarden&field-keywords=garden+hose&sprefix=garde%2Ctoys-and-games%2C149&crid=2SM6UK0NB67NS,Safari,N,N,193,Y,10/30/2018,2018-10-30T06:13:34.228101,Accesslog,4.96E+55,shardId-000000000000,13:34.2
1601,202.13.123.73,Mobile,8e:89:ce:2f:13:a5,tmiller,https://www.amazon.com/gp/product/B01MY47MPW/ref=s9_acsd_cdeal_hd_bw_bkOK7_c_x_w?pf_rd_m=ATVPDKIKX0DER&pf_rd_s=merchandised-search-5&pf_rd_r=PW3874GBPJ110GWJZ6W5&pf_rd_t=10,Chrome,N,Y,130,Y,10/30/2018,2018-10-30T06:13:35.331959,Accesslog,4.96E+55,shardId-000000000000,13:35.3
1752,175.192.105.196,Smart-TV,f5:3a:65:51:97:b6,brian30,https://www.amazon.com/s/ref=nb_sb_ss_i_3_5?url=search-alias%3Dmovies-tv&field-keywords=frozen+blu+ray&sprefix=froze%2Cmovies-tv%2C157&crid=19VQBBRK1Q3A7,Others,Y,Y,149,Y,10/30/2018,2018-10-30T06:13:36.435433,Accesslog,4.96E+55,shardId-000000000000,13:36.4
1573,192.88.103.237,Smart-TV,4e:04:24:46:5b:0c,ruthbaker,https://www.amazon.com/Suite-Alice-Womens-Trousers-Large/dp/B0763SBQRT/ref=lp_17689965011_1_40?s=apparel&ie=UTF8&qid=1523543051&sr=1-40&nodeID=17689965011&psd=1,Firefox,N,Y,1,N,10/30/2018,2018-10-30T06:13:37.540810,Accesslog,4.96E+55,shardId-000000000000,13:37.5
1527,169.252.221.227,Mobile,02:90:d9:c5:1b:ef,robin05,https://www.amazon.com/b/ref=s9_acss_bw_cg_BeautCat_2d1_w?_encoding=UTF8&node=7175563011&pf_rd_m=ATVPDKIKX0DER&pf_rd_s=merchandised-search-4&pf_rd_r=PW3874GBPJ110GWJZ6W5&p,Firefox,N,Y,96,Y,10/30/2018,2018-10-30T06:13:38.644541,Accesslog,4.96E+55,shardId-000000000000,13:38.6
1433,192.7.171.32,Mobile,e3:b2:37:17:ff:f8,allenthomas,https://www.amazon.com/Value-Bundle-Petite-Girls-Cosmetic/dp/B06Y1XZ857/ref=pd_ybh_a_5?_encoding=UTF8&psc=1&refRID=VJHVSZTYG9WTDM9Z3VX9,Chrome,N,N,160,Y,10/30/2018,2018-10-30T06:13:39.748828,Accesslog,4.96E+55,shardId-000000000000,13:39.8
1962,102.228.5.112,Smart-TV,57:38:d0:e8:3b:8e,davisjose,https://www.amazon.com/Mattresses-Box-Springs/b/ref=nav_shopall_home_mattresses?ie=UTF8&node=3732961,Firefox,N,N,3,N,10/30/2018,2018-10-30T06:13:40.854478,Accesslog,4.96E+55,shardId-000000000000,13:40.9
1389,201.2.60.189,Laptop,d0:53:5e:b7:7b:f4,lopezcheyenne,https://www.amazon.com/wedding/mp/registry-suggestion?categoryId=flatware,,N,N,4,N,10/30/2018,2018-10-30T06:13:41.959733,Accesslog,4.96E+55,shardId-000000000000,13:42.0
1596,198.51.98.52,Mobile,cd:02:58:f8:f6:bb,iyoung,https://www.amazon.com/stream/ref=nav_upnav_LargeImage_C_Detail?asCursor=WyIxLjgiLCJ0czEtd2VibGFiIiwiMTUyMzUzMTU4MDAwMCIsIiIsIlMwMDMxOjA6bnVsbCIsIlMwMDMxOjI0NjoyNDUiLCJTMDAz,Chrome,N,N,2,N,10/30/2018,2018-10-30T06:13:43.063147,Accesslog,4.96E+55,shardId-000000000000,13:43.1
1778,192.71.238.6,Tab,39:33:68:9a:9a:64,danielfischer,https://www.amazon.com/Plum-Organics-Teensy-Organic-Toddler/dp/B00X7IPJLC/ref=pd_sim_467_4?_encoding=UTF8&pd_rd_i=B00X7IPJLC&pd_rd_r=Q6KMRPS9QNGET3M4SF3R&pd_rd_w=uvUpl&pd_rd_,Chrome,N,N,7,N,10/30/2018,2018-10-30T06:13:44.168063,Accesslog,4.96E+55,shardId-000000000000,13:44.2
1078,122.70.94.20,Laptop,0b:f1:a4:8b:85:90,cynthiahubbard,https://www.amazon.com/COVERGIRL-Professional-Finishing-Powder-Translucent/dp/B00VTU2K8K/ref=sr_1_35?srs=7301146011&ie=UTF8&qid=1523482777&sr=1-35,,N,Y,6,N,10/30/2018,2018-10-30T06:13:45.272572,Accesslog,4.96E+55,shardId-000000000000,13:45.3
1382,198.47.172.225,Tab,3c:87:1f:00:43:a7,pstuart,https://www.amazon.com/Essentialist-Womens-Pleated-High-Waist-Niagara/dp/B073RB1V1K/ref=lp_17689965011_1_39?s=apparel&ie=UTF8&qid=1523543120&sr=1-39&nodeID=17689965011&psd=1,Firefox,N,Y,6,N,10/30/2018,2018-10-30T06:13:46.376529,Accesslog,4.96E+55,shardId-000000000000,13:46.4
1660,192.93.160.218,Laptop,32:5c:05:7b:3e:5b,ashley60,https://www.amazon.com/Vitamins-and-Dietary-Supplements/b/ref=sv_hpc_1?ie=UTF8&node=3764441,,N,Y,186,Y,10/30/2018,2018-10-30T06:13:47.481141,Accesslog,4.96E+55,shardId-000000000000,13:47.5
1403,165.194.135.30,Laptop,01:23:97:0c:ad:d3,woodcheryl,https://www.amazon.com/s/ref=lp_3880961_ex_n_5?rh=n%3A7141123011%2Cn%3A7147442011%2Cn%3A3880961%2Cn%3A3881481&bbn=3880961&ie=UTF8&qid=1523479981,,N,Y,149,Y,10/30/2018,2018-10-30T06:13:48.585556,Accesslog,4.96E+55,shardId-000000000000,13:48.6
1915,192.88.101.234,Laptop,d1:e7:a6:a4:1c:68,michael65, https://www.amazon.com/stream/ref=nav_upnav_LargeImage_C_Detail?asCursor=WyIxLjgiLCJ0czEtd2VibGFiIiwiMTUyMzUzMTU4MDAwMCIsIiIsIlMwMDMxOjA6bnVsbCIsIlMwMDMxOjExNDoxMTMiLCJTMDA,,N,N,65,Y,10/30/2018,2018-10-30T06:13:49.689801,Accesslog,4.96E+55,shardId-000000000000,13:49.7
1392,192.52.218.24,Smart-TV,06:92:da:6a:88:4e,brandon75,https://www.amazon.com/b/ref=s9_acsd_hfnv_hd_bw_b8HOmKJ_ct_x_ct02_w?_encoding=UTF8&node=13683551011&pf_rd_m=ATVPDKIKX0DER&pf_rd_s=merchandised-search-3&pf_rd_r=DE0TVVG5DNH,Firefox,N,Y,8,N,10/30/2018,2018-10-30T06:13:50.792927,Accesslog,4.96E+55,shardId-000000000000,13:50.8
1277,30.249.148.202,Mobile,fc:85:d4:83:09:40,nsimpson,https://www.amazon.com/BLUETIME-Hollow-Pleated-Floral-Suspender/dp/B01GHN7574/ref=pd_sim_193_7?_encoding=UTF8&pd_rd_i=B01GHN7574&pd_rd_r=GKHP82C1GET9E4RTE6KM&pd_rd_w=7wMSM,Chrome,N,N,130,Y,10/30/2018,2018-10-30T06:13:51.897642,Accesslog,4.96E+55,shardId-000000000000,13:51.9
1083,192.175.34.196,Smart-TV,1d:28:9b:b5:23:8a,kristen22,https://www.amazon.com/s/ref=nb_sb_ss_i_4_1?url=search-alias%3Dhpc&field-keywords=batteries&sprefix=b%2Chpc%2C157&crid=1502ZBQCUX15N,Firefox,N,N,181,Y,10/30/2018,2018-10-30T06:13:53.002500,Accesslog,4.96E+55,shardId-000000000000,13:53.0
1150,192.61.28.248,Smart-TV,2b:36:7a:f2:09:81,smithteresa,https://www.amazon.com/s/ref=nb_sb_ss_i_1_5?url=search-alias%3Dlawngarden&field-keywords=garden+hose&sprefix=garde%2Ctoys-and-games%2C149&crid=2SM6UK0NB67NS,Safari,N,Y,6,N,10/30/2018,2018-10-30T06:13:54.108088,Accesslog,4.96E+55,shardId-000000000000,13:54.1
1838,192.171.217.114,Tab,0b:be:58:ff:74:4a,halvarado,https://www.amazon.com/COVERGIRL-Professional-Finishing-Powder-Translucent/dp/B00VTU2K8K/ref=sr_1_35?srs=7301146011&ie=UTF8&qid=1523482777&sr=1-35,Firefox,N,N,5,N,10/30/2018,2018-10-30T06:13:55.212024,Accesslog,4.96E+55,shardId-000000000000,13:55.2
1329,126.129.43.227,Laptop,7a:58:54:5e:f5:f8,penningtonwillie,https://www.amazon.com/wedding/mp/registry-suggestion?categoryId=flatware,,N,Y,74,Y,10/30/2018,2018-10-30T06:13:56.320540,Accesslog,4.96E+55,shardId-000000000000,13:56.3
1514,199.250.40.66,Mobile,94:d4:f2:0f:29:b6,zsullivan,https://www.amazon.com/Value-Bundle-Petite-Girls-Cosmetic/dp/B06Y1XZ857/ref=pd_ybh_a_5?_encoding=UTF8&psc=1&refRID=VJHVSZTYG9WTDM9Z3VX9,Chrome,N,Y,181,Y,10/30/2018,2018-10-30T06:13:57.425912,Accesslog,4.96E+55,shardId-000000000000,13:57.4
1465,198.51.97.92,Laptop,52:d0:69:0e:8e:f2,robinandrade,https://www.amazon.com/s/ref=lp_3880961_ex_n_5?rh=n%3A7141123011%2Cn%3A7147442011%2Cn%3A3880961%2Cn%3A3881481&bbn=3880961&ie=UTF8&qid=1523479981,,N,Y,6,N,10/30/2018,2018-10-30T06:13:58.532193,Accesslog,4.96E+55,shardId-000000000000,13:58.5
1044,192.0.60.79,Laptop,f2:81:93:b6:e5:15,esimpson,https://www.amazon.com/stream/ref=nav_upnav_LargeImage_C_Detail?asCursor=WyIxLjgiLCJ0czEtd2VibGFiIiwiMTUyMzUzMTU4MDAwMCIsIiIsIlMwMDMxOjA6bnVsbCIsIlMwMDMxOjI0NjoyNDUiLCJTMDAz,,N,N,2,N,10/30/2018,2018-10-30T06:13:59.636701,Accesslog,4.96E+55,shardId-000000000000,13:59.6
1296,198.158.179.10,Tab,38:1a:e4:c8:9e:ab,anthony92,https://www.amazon.com/BLUETIME-Hollow-Pleated-Floral-Suspender/dp/B01GHN7574/ref=pd_sim_193_7?_encoding=UTF8&pd_rd_i=B01GHN7574&pd_rd_r=GKHP82C1GET9E4RTE6KM&pd_rd_w=7wMSM,Others,Y,Y,154,Y,10/30/2018,2018-10-30T06:14:00.741667,Accesslog,4.96E+55,shardId-000000000000,14:00.7
1731,203.0.242.86,Tab,db:25:3c:4e:6a:36,dominique37,https://www.amazon.com/s/ref=nb_sb_ss_i_3_14?url=search-alias%3Daps&field-keywords=beauty+products&sprefix=beauty+Product%2Caps%2C166&crid=38BBH6HGCP59H,Safari,N,Y,8,N,10/30/2018,2018-10-30T06:14:01.848482,Accesslog,4.96E+55,shardId-000000000000,14:01.9
1451,4.236.232.241,Mobile,4d:7c:08:37:56:22,brad11,https://www.amazon.com/COVERGIRL-Professional-Finishing-Powder-Translucent/dp/B00VTU2K8K/ref=sr_1_35?srs=7301146011&ie=UTF8&qid=1523482777&sr=1-35,Firefox,N,N,9,N,10/30/2018,2018-10-30T06:14:02.953732,Accesslog,4.96E+55,shardId-000000000000,14:03.0
1870,192.175.47.202,Mobile,f6:5b:49:26:60:04,paulaustin,https://www.amazon.com/LOr%C3%A9al-Paris-Voluminous-Original-Mascara/dp/B00Z8FRHNA/ref=sr_1_4?srs=7301146011&ie=UTF8&qid=1523481798&sr=1-4,Others,Y,Y,138,Y,10/30/2018,2018-10-30T06:14:04.058780,Accesslog,4.96E+55,shardId-000000000000,14:04.1
1981,192.29.42.242,Tab,0a:67:db:26:f5:94,leevazquez,https://www.amazon.com/stream/ref=nav_upnav_LargeImage_C_Detail?asCursor=WyIxLjgiLCJ0czEtd2VibGFiIiwiMTUyMzUzMTU4MDAwMCIsIiIsIlMwMDMxOjA6bnVsbCIsIlMwMDMxOjIwOToyMDgiLCJTMDAz,Others,Y,N,110,Y,10/30/2018,2018-10-30T06:14:05.164810,Accesslog,4.96E+55,shardId-000000000000,14:05.2
1556,171.137.66.151,Laptop,22:65:75:dd:30:9a,drakekathryn,https://www.amazon.com/Earths-Best-Organic-Sunny-Strawberry/dp/B000VK3SOY/ref=lp_11463084011_1_1?srs=7301146011&ie=UTF8&qid=1523482684&sr=8-1,,N,Y,67,Y,10/30/2018,2018-10-30T06:14:06.269009,Accesslog,4.96E+55,shardId-000000000000,14:06.3
1310,192.63.95.87,Tab,0f:ae:f2:e9:84:b4,tbailey,https://www.amazon.com/stream/ref=nav_upnav_LargeImage_C_Detail?asCursor=WyIxLjgiLCJ0czEtd2VibGFiIiwiMTUyMzUzMTU4MDAwMCIsIiIsIlMwMDMxOjA6bnVsbCIsIlMwMDMxOjIzNjoyMzUiLCJTMDAz,Safari,N,Y,5,N,10/30/2018,2018-10-30T06:14:07.372978,Accesslog,4.96E+55,shardId-000000000000,14:07.4
1318,198.51.119.15,Tab,7a:da:aa:40:25:b0,darren75,https://www.amazon.com/b/ref=s9_acsd_hfnv_hd_bw_b8HOmKJ_ct_x_ct02_w?_encoding=UTF8&node=13683551011&pf_rd_m=ATVPDKIKX0DER&pf_rd_s=merchandised-search-3&pf_rd_r=DE0TVVG5DNH,Firefox,N,Y,153,Y,10/30/2018,2018-10-30T06:14:08.477726,Accesslog,4.96E+55,shardId-000000000000,14:08.5
1731,105.208.179.47,Smart-TV,fc:b9:6d:58:90:05,david42,https://www.amazon.com/wedding/mp/registry-suggestion?categoryId=gift-experiences,Others,Y,Y,3,N,10/30/2018,2018-10-30T06:14:09.581684,Accesslog,4.96E+55,shardId-000000000000,14:09.6
1432,214.231.184.177,Laptop,cf:36:91:e6:40:84,amandanichols,https://www.amazon.com/Disney-Princess-Dress-Trunk-Exclusive/dp/B0050OTNMC/ref=sr_1_2?s=toys-and-games&ie=UTF8&qid=1523482077&sr=1-2&refinements=p_n_feature_nine_browse-bin%3A3198,,N,N,185,Y,10/30/2018,2018-10-30T06:14:10.687079,Accesslog,4.96E+55,shardId-000000000000,14:10.7
1701,192.175.74.100,Tab,fc:d8:7e:63:0b:7b,alishakhan,https://www.amazon.com/Value-Bundle-Petite-Girls-Cosmetic/dp/B06Y1XZ857/ref=pd_ybh_a_5?_encoding=UTF8&psc=1&refRID=VJHVSZTYG9WTDM9Z3VX9,Chrome,N,N,2,N,10/30/2018,2018-10-30T06:14:11.793097,Accesslog,4.96E+55,shardId-000000000000,14:11.8
1831,169.134.30.122,Laptop,03:86:cb:a7:e3:89,lisa05,https://www.amazon.com/Suite-Alice-Womens-Trousers-Large/dp/B0763SBQRT/ref=lp_17689965011_1_40?s=apparel&ie=UTF8&qid=1523543051&sr=1-40&nodeID=17689965011&psd=1,,N,Y,76,Y,10/30/2018,2018-10-30T06:14:12.896671,Accesslog,4.96E+55,shardId-000000000000,14:12.9
1125,163.230.144.244,Smart-TV,bd:7d:fa:3a:a7:1a,claykevin,https://www.amazon.com/COVERGIRL-Professional-Finishing-Powder-Translucent/dp/B00VTU2K8K/ref=sr_1_35?srs=7301146011&ie=UTF8&qid=1523482777&sr=1-35,Others,Y,N,7,N,10/30/2018,2018-10-30T06:14:14.002160,Accesslog,4.96E+55,shardId-000000000000,14:14.0
1129,192.31.221.126,Laptop,b7:f2:d8:60:7a:ab,jason10,https://www.amazon.com/dp/B00ZV9RDKK/ref=fs_ods_smp_tk,,N,Y,9,N,10/30/2018,2018-10-30T06:14:15.105373,Accesslog,4.96E+55,shardId-000000000000,14:15.1
1024,192.175.49.129,Smart-TV,11:3e:d3:fe:f8:c1,tricia31,https://www.amazon.com/Outdoor-Exploration-Young-Kids-Case/dp/B0754N9PMS/ref=gbps_img_m-6_c384_0c1fddc3?smid=A25UVQ9KXPS81A&pf_rd_p=ff79ced4-5db9-455b-bf03-bc212430c384&pf_rd_,Chrome,N,N,128,Y,10/30/2018,2018-10-30T06:14:16.209991,Accesslog,4.96E+55,shardId-000000000000,14:16.2
1681,198.51.99.103,Laptop,f3:ec:d2:f6:00:a7,qdunn,https://www.amazon.com/Lunvon-Screen-Monitors-400X400-Articulating/dp/B075XFGMYK/ref=sr_1_10?s=furniture&ie=UTF8&qid=1523476783&sr=1-10&keywords=tv+wall+mount,,N,Y,2,N,10/30/2018,2018-10-30T06:14:17.315139,Accesslog,4.96E+55,shardId-000000000000,14:17.3
1727,192.175.122.182,Smart-TV,43:7f:e8:b3:ec:ba,tmathis,https://www.amazon.com/Vitamins-and-Dietary-Supplements/b/ref=sv_hpc_1?ie=UTF8&node=3764441,Firefox,N,N,9,N,10/30/2018,2018-10-30T06:14:18.419938,Accesslog,4.96E+55,shardId-000000000000,14:18.4
1517,192.31.193.52,Tab,d8:37:3e:29:4d:11,michael77,https://www.amazon.com/COVERGIRL-Professional-Finishing-Powder-Translucent/dp/B00VTU2K8K/ref=sr_1_35?srs=7301146011&ie=UTF8&qid=1523482777&sr=1-35,Safari,N,Y,2,N,10/30/2018,2018-10-30T06:14:19.525273,Accesslog,4.96E+55,shardId-000000000000,14:19.5
1584,192.52.45.2,Tab,b2:a1:c0:d8:03:d7,joannemoore,https://www.amazon.com/stream/ref=nav_upnav_LargeImage_C_Detail?asCursor=WyIxLjgiLCJ0czEtd2VibGFiIiwiMTUyMzUzMTU4MDAwMCIsIiIsIlMwMDMxOjA6bnVsbCIsIlMwMDMxOjIzNjoyMzUiLCJTMDAz,Chrome,N,N,2,N,10/30/2018,2018-10-30T06:14:20.630549,Accesslog,4.96E+55,shardId-000000000000,14:20.6
1156,153.117.42.233,Laptop,5c:d9:5f:9c:3d:c9,rhodescatherine,https://www.amazon.com/s/ref=nb_sb_ss_c_1_3?url=search-alias%3Daps&field-keywords=tv+wall+mount&sprefix=tv+%2Caps%2C157&crid=WZ2PCAOCKM4C,,N,N,9,N,10/30/2018,2018-10-30T06:14:21.734754,Accesslog,4.96E+55,shardId-000000000000,14:21.7
1928,192.88.96.155,Smart-TV,2e:e7:1d:2d:cf:14,aprillopez,https://www.amazon.com/Pressure-Portable-Accuracy-Readings-included/dp/B074F3QPNY/ref=sr_1_6_s_it?s=hpc&ie=UTF8&qid=1523477144&sr=1-6&keywords=blood%2Bpressure%2Bmonitor&th=1,Firefox,N,Y,4,N,10/30/2018,2018-10-30T06:14:22.851841,Accesslog,4.96E+55,shardId-000000000000,14:22.9
1540,192.175.49.244,Mobile,1d:3c:c6:f8:34:52,michelle87,https://www.amazon.com/s/b/ref=sv_hg_fl_3736141?ie=UTF8&node=3736141,Firefox,N,Y,160,Y,10/30/2018,2018-10-30T06:14:23.955613,Accesslog,4.96E+55,shardId-000000000000,14:24.0
1442,192.88.102.212,Tab,5a:6f:6b:35:43:8d,thomas38,https://www.amazon.com/s/ref=pntry_wayfind_3_3_b?srs=7301146011&fst=p90x%3A1&rh=n%3A2972638011&ie=UTF8&qid=1486677564,Chrome,N,Y,97,Y,10/30/2018,2018-10-30T06:14:25.060710,Accesslog,4.96E+55,shardId-000000000000,14:25.1
1999,198.129.242.178,Laptop,62:23:6d:f7:3a:9d,samuelallen,https://www.amazon.com/Hefty-Strong-Garbage-Drawstring-Gallon/dp/B014GJXPDE/ref=sr_1_2?srs=7301146011&ie=UTF8&qid=1523544020&sr=1-2,,N,Y,177,Y,10/30/2018,2018-10-30T06:14:26.164911,Accesslog,4.96E+55,shardId-000000000000,14:26.2
1246,192.0.3.217,Laptop,69:31:0d:a8:b4:14,jeffrey73,https://www.amazon.com/COVERGIRL-Professional-Finishing-Powder-Translucent/dp/B00VTU2K8K/ref=sr_1_35?srs=7301146011&ie=UTF8&qid=1523482777&sr=1-35,,N,N,8,N,10/30/2018,2018-10-30T06:14:27.270350,Accesslog,4.96E+55,shardId-000000000000,14:27.3
1985,192.172.6.181,Laptop,b0:3f:ca:80:a9:15,vasquezheather,https://www.amazon.com/s/ref=nb_sb_ss_c_1_3?url=search-alias%3Daps&field-keywords=tv+wall+mount&sprefix=tv+%2Caps%2C157&crid=WZ2PCAOCKM4C,,N,Y,5,N,10/30/2018,2018-10-30T06:14:28.374508,Accesslog,4.96E+55,shardId-000000000000,14:28.4
1932,203.4.67.187,Laptop,de:1c:dc:f8:91:69,nancyball,https://www.amazon.com/s/ref=nb_sb_ss_i_3_5?url=search-alias%3Dmovies-tv&field-keywords=frozen+blu+ray&sprefix=froze%2Cmovies-tv%2C157&crid=19VQBBRK1Q3A7,,N,N,1,N,10/30/2018,2018-10-30T06:14:29.479434,Accesslog,4.96E+55,shardId-000000000000,14:29.5
1606,169.235.89.97,Smart-TV,72:09:e4:50:75:6e,cabreracrystal,https://www.amazon.com/b/ref=s9_acsd_hfnv_hd_bw_b8HOmKJ_ct_x_ct02_w?_encoding=UTF8&node=13683551011&pf_rd_m=ATVPDKIKX0DER&pf_rd_s=merchandised-search-3&pf_rd_r=DE0TVVG5DNH,Safari,N,N,3,N,10/30/2018,2018-10-30T06:14:30.584987,Accesslog,4.96E+55,shardId-000000000000,14:30.6
1254,192.52.204.15,Laptop,f6:1a:0f:b5:5f:48,lawrencemiller,https://www.amazon.com/Lunvon-Screen-Monitors-400X400-Articulating/dp/B075XFGMYK/ref=sr_1_10?s=furniture&ie=UTF8&qid=1523476783&sr=1-10&keywords=tv+wall+mount,,N,Y,4,N,10/30/2018,2018-10-30T06:14:31.690471,Accesslog,4.96E+55,shardId-000000000000,14:31.7
1723,192.174.69.9,Tab,6d:4f:2f:aa:65:b8,holly80,https://www.amazon.com/stream/ref=nav_upnav_LargeImage_C_Detail?asCursor=WyIxLjgiLCJ0czEtd2VibGFiIiwiMTUyMzUzMTU4MDAwMCIsIiIsIlMwMDMxOjA6bnVsbCIsIlMwMDMxOjMwOjI5IiwiUzAwMzE6,Safari,N,N,9,N,10/30/2018,2018-10-30T06:14:32.795036,Accesslog,4.96E+55,shardId-000000000000,14:32.8
1872,192.0.120.57,Smart-TV,75:c5:26:02:44:13,wscott,https://www.amazon.com/Melissa-Doug-Role-Play-Collection/dp/B00FJ5V4PQ/ref=pd_rhf_pe_s_cp_0_3?_encoding=UTF8&pd_rd_i=B00FJ5V4PQ&pd_rd_r=N0JRSNJS52CB9Z575R8W&pd_rd_w=ihOL5&pd_r,Firefox,N,Y,127,Y,10/30/2018,2018-10-30T06:14:33.898831,Accesslog,4.96E+55,shardId-000000000000,14:33.9
1444,192.88.113.227,Tab,57:3b:49:89:3d:cf,angela82,https://www.amazon.com/L-L-Surprise-Confetti-Pop/dp/B077935QMS/ref=zg_bs_toys-and-games_1?_encoding=UTF8&psc=1&refRID=ZXX6FSZPCED5B4E4BECK,Firefox,N,N,4,N,10/30/2018,2018-10-30T06:14:35.002939,Accesslog,4.96E+55,shardId-000000000000,14:35.0
1965,169.251.218.53,Smart-TV,29:e2:aa:24:38:f8,hunter13,https://www.amazon.com/s/ref=nb_sb_ss_i_7_1?url=search-alias%3Daps&field-keywords=blood+pressure+monitor&sprefix=b%2Caps%2C281&crid=75HAPOMI2393,Others,Y,N,70,Y,10/30/2018,2018-10-30T06:14:36.108112,Accesslog,4.96E+55,shardId-000000000000,14:36.1
1061,192.52.223.109,Laptop,29:b1:ab:ad:73:43,penaheather,https://www.amazon.com/s/ref=nb_sb_ss_i_4_1?url=search-alias%3Dhpc&field-keywords=batteries&sprefix=b%2Chpc%2C157&crid=1502ZBQCUX15N,,N,N,9,N,10/30/2018,2018-10-30T06:14:37.212563,Accesslog,4.96E+55,shardId-000000000000,14:37.2
1626,196.239.101.81,Mobile,0f:37:04:5e:1b:80,gloverashley,https://www.amazon.com/s/ref=pntry_wayfind_4_1_a?srs=7301146011&rh=i%3Apantry%2Cn%3A3760911%2Cn%3A!11055981%2Cn%3A11060451&bbn=11055981&rw_html_to_wsrp=1,Safari,N,Y,120,Y,10/30/2018,2018-10-30T06:14:38.318498,Accesslog,4.96E+55,shardId-000000000000,14:38.3
1498,192.175.44.214,Laptop,c9:2e:f3:24:b1:35,ramirezmarie,https://www.amazon.com/stream/ref=nav_upnav_LargeImage_C_Detail?asCursor=WyIxLjgiLCJ0czEtd2VibGFiIiwiMTUyMzUzMTU4MDAwMCIsIiIsIlMwMDMxOjA6bnVsbCIsIlMwMDMxOjMxNjozMTUiLCJTMDAz,,N,N,51,Y,10/30/2018,2018-10-30T06:14:39.424208,Accesslog,4.96E+55,shardId-000000000000,14:39.4
1134,192.48.205.27,Laptop,6f:9e:1f:c1:9c:74,hgraham,https://www.amazon.com/s/ref=pntry_wayfind_3_3_b?srs=7301146011&fst=p90x%3A1&rh=n%3A2972638011&ie=UTF8&qid=1486677564,,N,Y,165,Y,10/30/2018,2018-10-30T06:14:40.529406,Accesslog,4.96E+55,shardId-000000000000,14:40.6
1171,98.131.242.37,Laptop,e0:7f:c6:ed:e6:48,jonesrhonda,https://www.amazon.com/s/ref=lp_3880961_ex_n_5?rh=n%3A7141123011%2Cn%3A7147442011%2Cn%3A3880961%2Cn%3A3881481&bbn=3880961&ie=UTF8&qid=1523479981,,N,Y,152,Y,10/30/2018,2018-10-30T06:14:41.657353,Accesslog,4.96E+55,shardId-000000000000,14:41.7
1562,100.10.137.131,Laptop,1e:17:dc:ce:9d:87,tmckenzie,https://www.amazon.com/LOr%C3%A9al-Paris-Voluminous-Original-Mascara/dp/B00Z8FRHNA/ref=sr_1_4?srs=7301146011&ie=UTF8&qid=1523481798&sr=1-4,,N,N,3,N,10/30/2018,2018-10-30T06:14:42.761922,Accesslog,4.96E+55,shardId-000000000000,14:42.8
1278,192.175.69.115,Laptop,18:26:5b:bc:0f:e9,brownlarry,https://www.amazon.com/Hefty-Strong-Garbage-Drawstring-Gallon/dp/B014GJXPDE/ref=sr_1_2?srs=7301146011&ie=UTF8&qid=1523544020&sr=1-2,,N,N,7,N,10/30/2018,2018-10-30T06:14:43.867205,Accesslog,4.96E+55,shardId-000000000000,14:43.9
1152,192.175.71.178,Mobile,58:29:2f:d4:f1:4b,richardcollins,https://www.amazon.com/Earths-Best-Organic-Sunny-Strawberry/dp/B000VK3SOY/ref=lp_11463084011_1_1?srs=7301146011&ie=UTF8&qid=1523482684&sr=8-1,Others,Y,Y,2,N,10/30/2018,2018-10-30T06:14:44.971412,Accesslog,4.96E+55,shardId-000000000000,14:45.0
1487,203.0.116.15,Tab,41:df:50:97:a1:47,hesscheryl,https://www.amazon.com/s/s/ref=sr_nr_p_6_7?fst=as%3Aoff&rh=n%3A3760901%2Ck%3Abatteries%2Cp_6%3AA16TS8M4NPWTR8&keywords=batteries&ie=UTF8&qid=1523477243&rnid=331556011,Others,Y,N,145,Y,10/30/2018,2018-10-30T06:14:46.075628,Accesslog,4.96E+55,shardId-000000000000,14:46.1
1771,192.4.244.145,Tab,b3:19:2e:3c:c4:dc,connielopez,https://www.amazon.com/gp/product/B01DMP9RSK/ref=s9_acsd_zgift_hd_bw_b7nhwAl_c_x_w?pf_rd_m=ATVPDKIKX0DER&pf_rd_s=merchandised-search-12&pf_rd_r=E69W2SVTFE2T2CF2QPHK&pf_rd_t=10,Firefox,N,Y,178,Y,10/30/2018,2018-10-30T06:14:47.180415,Accesslog,4.96E+55,shardId-000000000000,14:47.2
1814,192.167.225.212,Laptop,67:de:1f:f4:b9:e3,lisa46,https://www.amazon.com/Outdoor-Exploration-Young-Kids-Case/dp/B0754N9PMS/ref=gbps_img_m-6_c384_0c1fddc3?smid=A25UVQ9KXPS81A&pf_rd_p=ff79ced4-5db9-455b-bf03-bc212430c384&pf_rd_,,N,N,70,Y,10/30/2018,2018-10-30T06:14:48.285531,Accesslog,4.96E+55,shardId-000000000000,14:48.3
1250,205.216.209.208,Smart-TV,89:df:05:c5:2b:f8,woodmartha,https://www.amazon.com/Pressure-Portable-Accuracy-Readings-included/dp/B074F3QPNY/ref=sr_1_6_s_it?s=hpc&ie=UTF8&qid=1523477144&sr=1-6&keywords=blood%2Bpressure%2Bmonitor&th=1,Others,Y,Y,3,N,10/30/2018,2018-10-30T06:14:49.392844,Accesslog,4.96E+55,shardId-000000000000,14:49.4
1070,192.0.28.108,Mobile,14:a4:94:64:13:a2,robert04,https://www.amazon.com/s/ref=pntry_wayfind_3_3_b?srs=7301146011&fst=p90x%3A1&rh=n%3A2972638011&ie=UTF8&qid=1486677564,Others,Y,Y,91,Y,10/30/2018,2018-10-30T06:14:50.500471,Accesslog,4.96E+55,shardId-000000000000,14:50.5
1614,132.31.87.140,Laptop,49:d7:5a:13:a0:d6,adam46,https://www.amazon.com/JJ-Perfection-Sleeveless-Double-Layered-Pleated/dp/B06XPNM58M/ref=pd_rhf_pe_s_cp_0_7?_encoding=UTF8&pd_rd_i=B06XPNM58M&pd_rd_r=A7KS6VY5SDA81BQ1E4FD&pd_r,,N,N,9,N,10/30/2018,2018-10-30T06:14:51.603573,Accesslog,4.96E+55,shardId-000000000000,14:51.6
1089,101.18.32.187,Smart-TV,3b:7d:26:12:ca:26,michelle22,https://www.amazon.com/Suite-Alice-Womens-Trousers-Large/dp/B0763SBQRT/ref=lp_17689965011_1_40?s=apparel&ie=UTF8&qid=1523543051&sr=1-40&nodeID=17689965011&psd=1,Safari,N,N,4,N,10/30/2018,2018-10-30T06:14:52.708333,Accesslog,4.96E+55,shardId-000000000000,14:52.7
1841,169.255.0.175,Smart-TV,40:e6:ce:d6:e7:a7,cindy14,https://www.amazon.com/s/ref=lp_7141123011_ex_n_11?rh=n%3A7141123011%2Cn%3A7586166011&bbn=7141123011&ie=UTF8,Firefox,N,N,97,Y,10/30/2018,2018-10-30T06:14:53.812248,Accesslog,4.96E+55,shardId-000000000000,14:53.8
1761,109.203.74.254,Tab,10:b1:cc:e1:e8:3e,silvaluis,https://www.amazon.com/COVERGIRL-Professional-Finishing-Powder-Translucent/dp/B00VTU2K8K/ref=sr_1_35?srs=7301146011&ie=UTF8&qid=1523482777&sr=1-35,Chrome,N,N,80,Y,10/30/2018,2018-10-30T06:14:54.917376,Accesslog,4.96E+55,shardId-000000000000,14:54.9
1238,198.52.9.246,Mobile,f9:f5:dd:8b:a8:cd,lewisjessica,https://www.amazon.com/Plum-Organics-Teensy-Organic-Toddler/dp/B00X7IPJLC/ref=pd_sim_467_4?_encoding=UTF8&pd_rd_i=B00X7IPJLC&pd_rd_r=Q6KMRPS9QNGET3M4SF3R&pd_rd_w=uvUpl&pd_rd_,Firefox,N,Y,91,Y,10/30/2018,2018-10-30T06:14:56.022155,Accesslog,4.96E+55,shardId-000000000000,14:56.0
1849,192.56.26.27,Laptop,56:14:26:69:61:27,barnesjoseph,https://www.amazon.com/Mattresses-Box-Springs/b/ref=nav_shopall_home_mattresses?ie=UTF8&node=3732961,,N,N,7,N,10/30/2018,2018-10-30T06:14:57.129418,Accesslog,4.96E+55,shardId-000000000000,14:57.1
1706,192.52.237.169,Mobile,04:85:d6:89:45:c2,shawngutierrez,https://www.amazon.com/s/ref=lp_7141123011_ex_n_11?rh=n%3A7141123011%2Cn%3A7586166011&bbn=7141123011&ie=UTF8,Chrome,N,N,163,Y,10/30/2018,2018-10-30T06:14:58.234146,Accesslog,4.96E+55,shardId-000000000000,14:58.2
1762,192.88.96.223,Mobile,3d:17:f1:97:2d:42,johnsherman,https://www.amazon.com/Hefty-Strong-Garbage-Drawstring-Gallon/dp/B014GJXPDE/ref=sr_1_2?srs=7301146011&ie=UTF8&qid=1523544020&sr=1-2,Safari,N,Y,2,N,10/30/2018,2018-10-30T06:14:59.338647,Accesslog,4.96E+55,shardId-000000000000,14:59.3
1834,168.26.196.157,Mobile,16:70:38:1b:44:4b,martinezcarrie,https://www.amazon.com/Essentialist-Womens-Pleated-High-Waist-Niagara/dp/B073RB1V1K/ref=lp_17689965011_1_39?s=apparel&ie=UTF8&qid=1523543120&sr=1-39&nodeID=17689965011&psd=1,Safari,N,N,128,Y,10/30/2018,2018-10-30T06:15:00.446426,Accesslog,4.96E+55,shardId-000000000000,15:00.5
1417,192.52.194.158,Laptop,25:0d:08:4f:f8:c7,dawn29,https://www.amazon.com/Plum-Organics-Teensy-Organic-Toddler/dp/B00X7IPJLC/ref=pd_sim_467_4?_encoding=UTF8&pd_rd_i=B00X7IPJLC&pd_rd_r=Q6KMRPS9QNGET3M4SF3R&pd_rd_w=uvUpl&pd_rd_,,N,N,126,Y,10/30/2018,2018-10-30T06:15:01.551663,Accesslog,4.96E+55,shardId-000000000000,15:01.6
1522,192.52.63.225,Mobile,82:85:9b:b8:9a:43,johnsonjoel,https://www.amazon.com/b/ref=s9_acss_bw_cg_BeautCat_2d1_w?_encoding=UTF8&node=7175563011&pf_rd_m=ATVPDKIKX0DER&pf_rd_s=merchandised-search-4&pf_rd_r=PW3874GBPJ110GWJZ6W5&p,Others,Y,Y,158,Y,10/30/2018,2018-10-30T06:15:02.656975,Accesslog,4.96E+55,shardId-000000000000,15:02.7
1770,192.52.208.208,Mobile,3c:8f:43:06:a9:cb,wileyjennifer,https://www.amazon.com/s/b/ref=sv_hg_fl_3736141?ie=UTF8&node=3736141,Others,Y,Y,3,N,10/30/2018,2018-10-30T06:15:03.761389,Accesslog,4.96E+55,shardId-000000000000,15:03.8
1136,192.89.55.200,Mobile,76:b9:a0:39:50:06,mercerjoshua,https://www.amazon.com/Value-Bundle-Petite-Girls-Cosmetic/dp/B06Y1XZ857/ref=pd_ybh_a_5?_encoding=UTF8&psc=1&refRID=VJHVSZTYG9WTDM9Z3VX9,Chrome,N,Y,8,N,10/30/2018,2018-10-30T06:15:04.866753,Accesslog,4.96E+55,shardId-000000000000,15:04.9
1805,211.189.42.170,Laptop,14:61:1a:70:b6:a4,chadbarron, https://www.amazon.com/stream/ref=nav_upnav_LargeImage_C_Detail?asCursor=WyIxLjgiLCJ0czEtd2VibGFiIiwiMTUyMzUzMTU4MDAwMCIsIiIsIlMwMDMxOjA6bnVsbCIsIlMwMDMxOjExNDoxMTMiLCJTMDA,,N,Y,119,Y,10/30/2018,2018-10-30T06:15:05.972432,Accesslog,4.96E+55,shardId-000000000000,15:06.0
1597,169.227.14.119,Laptop,2a:93:e6:0d:31:97,kellyamber,https://www.amazon.com/Suite-Alice-Womens-Trousers-Large/dp/B0763SBQRT/ref=lp_17689965011_1_40?s=apparel&ie=UTF8&qid=1523543051&sr=1-40&nodeID=17689965011&psd=1,,N,Y,7,N,10/30/2018,2018-10-30T06:15:07.077330,Accesslog,4.96E+55,shardId-000000000000,15:07.1
1305,192.31.241.183,Tab,1e:e3:54:ce:d8:c6,julia29,https://www.amazon.com/s/b/ref=sv_hg_fl_3736141?ie=UTF8&node=3736141,Safari,N,N,85,Y,10/30/2018,2018-10-30T06:15:08.181185,Accesslog,4.96E+55,shardId-000000000000,15:08.2
1301,196.4.148.146,Mobile,cf:33:ca:df:11:7e,kaitlynbaker,https://www.amazon.com/s/ref=pntry_wayfind_3_3_b?srs=7301146011&fst=p90x%3A1&rh=n%3A2972638011&ie=UTF8&qid=1486677564,Safari,N,Y,174,Y,10/30/2018,2018-10-30T06:15:09.286977,Accesslog,4.96E+55,shardId-000000000000,15:09.3
1432,203.5.236.66,Mobile,bf:16:0c:e0:68:fd,bowmanpaula,https://www.amazon.com/stream/ref=nav_upnav_LargeImage_C_Detail?asCursor=WyIxLjgiLCJ0czEtd2VibGFiIiwiMTUyMzUzMTU4MDAwMCIsIiIsIlMwMDMxOjA6bnVsbCIsIlMwMDMxOjExNDoxMTMiLCJTMDA,Safari,N,N,5,N,10/30/2018,2018-10-30T06:15:10.390830,Accesslog,4.96E+55,shardId-000000000000,15:10.4
1034,192.31.200.117,Laptop,20:52:cc:6c:f3:84,whaney, https://www.amazon.com/stream/ref=nav_upnav_LargeImage_C_Detail?asCursor=WyIxLjgiLCJ0czEtd2VibGFiIiwiMTUyMzUzMTU4MDAwMCIsIiIsIlMwMDMxOjA6bnVsbCIsIlMwMDMxOjExNDoxMTMiLCJTMDA,,N,Y,107,Y,10/30/2018,2018-10-30T06:15:11.495933,Accesslog,4.96E+55,shardId-000000000000,15:11.5
1467,192.17.106.233,Smart-TV,e9:cb:75:97:db:48,toddwilliams,https://www.amazon.com/Vitamins-and-Dietary-Supplements/b/ref=sv_hpc_1?ie=UTF8&node=3764441,Others,Y,N,7,N,10/30/2018,2018-10-30T06:15:12.600365,Accesslog,4.96E+55,shardId-000000000000,15:12.6
1346,202.181.220.180,Laptop,bd:15:e8:73:46:64,brianlee,https://www.amazon.com/Mattresses-Box-Springs/b/ref=nav_shopall_home_mattresses?ie=UTF8&node=3732961,,N,N,136,Y,10/30/2018,2018-10-30T06:15:13.714695,Accesslog,4.96E+55,shardId-000000000000,15:13.7
1786,192.88.88.199,Mobile,a4:7e:13:5b:5b:59,nortonjulie,https://www.amazon.com/Outdoor-Exploration-Young-Kids-Case/dp/B0754N9PMS/ref=gbps_img_m-6_c384_0c1fddc3?smid=A25UVQ9KXPS81A&pf_rd_p=ff79ced4-5db9-455b-bf03-bc212430c384&pf_rd_,Firefox,N,N,8,N,10/30/2018,2018-10-30T06:15:14.819352,Accesslog,4.96E+55,shardId-000000000000,15:14.8
1175,174.0.88.94,Tab,23:d5:17:59:dc:00,gregory95,https://www.amazon.com/s/ref=nb_sb_ss_i_3_14?url=search-alias%3Daps&field-keywords=beauty+products&sprefix=beauty+Product%2Caps%2C166&crid=38BBH6HGCP59H,Others,Y,Y,80,Y,10/30/2018,2018-10-30T06:15:15.937096,Accesslog,4.96E+55,shardId-000000000000,15:15.9
1038,203.21.72.30,Tab,31:00:d5:83:b9:02,tamara37,https://www.amazon.com/s/ref=nb_sb_ss_i_1_5?url=search-alias%3Dlawngarden&field-keywords=garden+hose&sprefix=garde%2Ctoys-and-games%2C149&crid=2SM6UK0NB67NS,Chrome,N,Y,98,Y,10/30/2018,2018-10-30T06:15:17.041208,Accesslog,4.96E+55,shardId-000000000000,15:17.0
1915,203.71.125.152,Mobile,33:93:28:d0:3a:f7,michaelscott,https://www.amazon.com/Pressure-Portable-Accuracy-Readings-included/dp/B074F3QPNY/ref=sr_1_6_s_it?s=hpc&ie=UTF8&qid=1523477144&sr=1-6&keywords=blood%2Bpressure%2Bmonitor&th=1,Chrome,N,N,4,N,10/30/2018,2018-10-30T06:15:18.145756,Accesslog,4.96E+55,shardId-000000000000,15:18.2
1193,203.1.32.42,Laptop,14:15:b9:2d:0f:94,christophertaylo,https://www.amazon.com/Mattresses-Box-Springs/b/ref=nav_shopall_home_mattresses?ie=UTF8&node=3732961,,N,N,5,N,10/30/2018,2018-10-30T06:15:19.251954,Accesslog,4.96E+55,shardId-000000000000,15:19.3
1324,198.51.126.146,Mobile,21:37:4d:5a:5c:4e,rebecca75,https://www.amazon.com/wedding/mp/registry-suggestion?categoryId=gift-experiences,Firefox,N,Y,7,N,10/30/2018,2018-10-30T06:15:20.356958,Accesslog,4.96E+55,shardId-000000000000,15:20.4
1200,192.89.157.241,Laptop,df:72:49:e8:d9:26,qbrown,https://www.amazon.com/BLUETIME-Hollow-Pleated-Floral-Suspender/dp/B01GHN7574/ref=pd_sim_193_7?_encoding=UTF8&pd_rd_i=B01GHN7574&pd_rd_r=GKHP82C1GET9E4RTE6KM&pd_rd_w=7wMSM,,N,N,9,N,10/30/2018,2018-10-30T06:15:21.461227,Accesslog,4.96E+55,shardId-000000000000,15:21.5
1918,20.233.124.146,Laptop,90:4f:b5:d1:4e:ee,crystal48,https://www.amazon.com/s/ref=pntry_wayfind_3_3_b?srs=7301146011&fst=p90x%3A1&rh=n%3A2972638011&ie=UTF8&qid=1486677564,,N,Y,118,Y,10/30/2018,2018-10-30T06:15:22.565430,Accesslog,4.96E+55,shardId-000000000000,15:22.6
1078,2.185.39.134,Tab,9f:3d:8f:ec:7d:96,thorntonwilliam,https://www.amazon.com/wedding/mp/registry-suggestion?categoryId=bed-bath,Chrome,N,N,71,Y,10/30/2018,2018-10-30T06:15:23.671608,Accesslog,4.96E+55,shardId-000000000000,15:23.7
1320,5.145.224.28,Laptop,ce:6c:d7:3b:a8:f2,fwelch,https://www.amazon.com/Outdoor-Exploration-Young-Kids-Case/dp/B0754N9PMS/ref=gbps_img_m-6_c384_0c1fddc3?smid=A25UVQ9KXPS81A&pf_rd_p=ff79ced4-5db9-455b-bf03-bc212430c384&pf_rd_,,N,Y,9,N,10/30/2018,2018-10-30T06:15:24.776183,Accesslog,4.96E+55,shardId-000000000000,15:24.8
1154,98.34.56.118,Tab,7e:7f:40:df:e5:53,david84,https://www.amazon.com/Pressure-Portable-Accuracy-Readings-included/dp/B074F3QPNY/ref=sr_1_6_s_it?s=hpc&ie=UTF8&qid=1523477144&sr=1-6&keywords=blood%2Bpressure%2Bmonitor&th=1,Firefox,N,N,8,N,10/30/2018,2018-10-30T06:15:25.879170,Accesslog,4.96E+55,shardId-000000000000,15:25.9
1258,192.90.54.254,Mobile,26:de:c1:7d:81:45,vargaskayla,https://www.amazon.com/Plum-Organics-Teensy-Organic-Toddler/dp/B00X7IPJLC/ref=pd_sim_467_4?_encoding=UTF8&pd_rd_i=B00X7IPJLC&pd_rd_r=Q6KMRPS9QNGET3M4SF3R&pd_rd_w=uvUpl&pd_rd_,Chrome,N,Y,155,Y,10/30/2018,2018-10-30T06:15:26.984151,Accesslog,4.96E+55,shardId-000000000000,15:27.0
1708,192.88.159.164,Tab,c1:ce:3d:1d:8f:3c,luisward,https://www.amazon.com/Pepperidge-Farm-Goldfish-Crackers-Cheddar/dp/B00IAE6S1I/ref=lp_8422704011_1_7?srs=7301146011&ie=UTF8&qid=1523481644&sr=8-7,Firefox,N,N,75,Y,10/30/2018,2018-10-30T06:15:28.088200,Accesslog,4.96E+55,shardId-000000000000,15:28.1
1783,192.0.3.174,Mobile,37:0c:fe:0f:09:9d,james35,https://www.amazon.com/Mattresses-Box-Springs/b/ref=nav_shopall_home_mattresses?ie=UTF8&node=3732961,Others,Y,N,4,N,10/30/2018,2018-10-30T06:15:29.193345,Accesslog,4.96E+55,shardId-000000000000,15:29.2
1115,198.65.51.216,Smart-TV,2b:0e:1b:91:ff:ef,jeffreyreyes,https://www.amazon.com/s/ref=pntry_wayfind_4_1_a?srs=7301146011&rh=i%3Apantry%2Cn%3A3760911%2Cn%3A!11055981%2Cn%3A11060451&bbn=11055981&rw_html_to_wsrp=1,Firefox,N,N,85,Y,10/30/2018,2018-10-30T06:15:30.298805,Accesslog,4.96E+55,shardId-000000000000,15:30.3
1493,203.95.216.227,Laptop,81:1c:1b:ed:2c:4c,sanchezjennifer,https://www.amazon.com/s/ref=lp_7141123011_ex_n_11?rh=n%3A7141123011%2Cn%3A7586166011&bbn=7141123011&ie=UTF8,,N,Y,51,Y,10/30/2018,2018-10-30T06:15:31.404282,Accesslog,4.96E+55,shardId-000000000000,15:31.4
1637,198.51.104.100,Tab,32:1d:74:fd:50:bd,fjenkins,https://www.amazon.com/Suite-Alice-Womens-Trousers-Large/dp/B0763SBQRT/ref=lp_17689965011_1_40?s=apparel&ie=UTF8&qid=1523543051&sr=1-40&nodeID=17689965011&psd=1,Firefox,N,N,1,N,10/30/2018,2018-10-30T06:15:32.513987,Accesslog,4.96E+55,shardId-000000000000,15:32.5
1506,197.103.78.88,Mobile,ae:dc:74:ac:e1:d9,cvaughn,https://www.amazon.com/stream/ref=nav_upnav_LargeImage_C_Detail?asCursor=WyIxLjgiLCJ0czEtd2VibGFiIiwiMTUyMzUzMTU4MDAwMCIsIiIsIlMwMDMxOjA6bnVsbCIsIlMwMDMxOjIwOToyMDgiLCJTMDAz,Safari,N,N,1,N,10/30/2018,2018-10-30T06:15:33.618115,Accesslog,4.96E+55,shardId-000000000000,15:33.6
1711,155.111.71.8,Laptop,22:51:c4:78:16:40,christinabrown,https://www.amazon.com/s/ref=lp_7141123011_ex_n_11?rh=n%3A7141123011%2Cn%3A7586166011&bbn=7141123011&ie=UTF8,,N,N,191,Y,10/30/2018,2018-10-30T06:15:34.723058,Accesslog,4.96E+55,shardId-000000000000,15:34.7
1890,192.52.209.148,Mobile,a1:cb:fa:b2:99:ae,walkermichelle,https://www.amazon.com/COVERGIRL-Professional-Finishing-Powder-Translucent/dp/B00VTU2K8K/ref=sr_1_35?srs=7301146011&ie=UTF8&qid=1523482777&sr=1-35,Firefox,N,N,8,N,10/30/2018,2018-10-30T06:15:35.827191,Accesslog,4.96E+55,shardId-000000000000,15:35.8
1296,198.16.201.235,Tab,1f:72:3d:df:fd:cd,lararobert,https://www.amazon.com/s/ref=nb_sb_ss_i_6_3?url=search-alias%3Dhpc&field-keywords=washer+machine+cleaner&sprefix=was%2Chpc%2C162&crid=3V58GLZMPQWB1,Firefox,N,N,82,Y,10/30/2018,2018-10-30T06:15:36.931737,Accesslog,4.96E+55,shardId-000000000000,15:36.9
1371,192.88.112.201,Tab,19:a7:91:23:31:8b,weaverkenneth,https://www.amazon.com/Pressure-Portable-Accuracy-Readings-included/dp/B074F3QPNY/ref=sr_1_6_s_it?s=hpc&ie=UTF8&qid=1523477144&sr=1-6&keywords=blood%2Bpressure%2Bmonitor&th=1,Chrome,N,N,154,Y,10/30/2018,2018-10-30T06:15:38.036160,Accesslog,4.96E+55,shardId-000000000000,15:38.0
1301,192.0.232.209,Tab,52:0f:f6:8b:3a:b4,proctorannette,https://www.amazon.com/s/ref=lp_7141123011_ex_n_11?rh=n%3A7141123011%2Cn%3A7586166011&bbn=7141123011&ie=UTF8,Chrome,N,Y,149,Y,10/30/2018,2018-10-30T06:15:39.143173,Accesslog,4.96E+55,shardId-000000000000,15:39.1
1923,198.54.200.166,Laptop,53:71:b1:29:69:20,jacobcollins,https://www.amazon.com/s/ref=nb_sb_ss_i_3_5?url=search-alias%3Dmovies-tv&field-keywords=frozen+blu+ray&sprefix=froze%2Cmovies-tv%2C157&crid=19VQBBRK1Q3A7,,N,Y,146,Y,10/30/2018,2018-10-30T06:15:40.247417,Accesslog,4.96E+55,shardId-000000000000,15:40.3
1739,201.188.154.102,Smart-TV,8d:3b:26:72:f4:76,chrisfowler,https://www.amazon.com/Vitamins-and-Dietary-Supplements/b/ref=sv_hpc_1?ie=UTF8&node=3764441,Firefox,N,Y,1,N,10/30/2018,2018-10-30T06:15:41.352509,Accesslog,4.96E+55,shardId-000000000000,15:41.4
1213,121.214.196.243,Tab,73:dd:8e:df:84:aa,jasongarcia, https://www.amazon.com/stream/ref=nav_upnav_LargeImage_C_Detail?asCursor=WyIxLjgiLCJ0czEtd2VibGFiIiwiMTUyMzUzMTU4MDAwMCIsIiIsIlMwMDMxOjA6bnVsbCIsIlMwMDMxOjExNDoxMTMiLCJTMDA,Safari,N,Y,5,N,10/30/2018,2018-10-30T06:15:42.458006,Accesslog,4.96E+55,shardId-000000000000,15:42.5
1870,198.20.29.138,Tab,d6:fa:c5:14:9e:a1,paulknight,https://www.amazon.com/Pampers/pages/2598115011/ref=amb_link_1?pf_rd_m=ATVPDKIKX0DER&pf_rd_s=merchandised-search-left-3&pf_rd_r=CKP3CG5BH6VQ2PTRVQ06&pf_rd_r=CKP3CG5BH6VQ2PT,Firefox,N,Y,4,N,10/30/2018,2018-10-30T06:15:43.563437,Accesslog,4.96E+55,shardId-000000000000,15:43.6
1212,192.175.137.235,Tab,b1:29:7b:5d:74:0e,felicia31,https://www.amazon.com/Essentialist-Womens-Pleated-High-Waist-Niagara/dp/B073RB1V1K/ref=lp_17689965011_1_39?s=apparel&ie=UTF8&qid=1523543120&sr=1-39&nodeID=17689965011&psd=1,Others,Y,Y,188,Y,10/30/2018,2018-10-30T06:15:44.669821,Accesslog,4.96E+55,shardId-000000000000,15:44.7
1794,198.60.125.72,Mobile,63:d5:88:a8:50:87,joseph53,https://www.amazon.com/Outdoor-Exploration-Young-Kids-Case/dp/B0754N9PMS/ref=gbps_img_m-6_c384_0c1fddc3?smid=A25UVQ9KXPS81A&pf_rd_p=ff79ced4-5db9-455b-bf03-bc212430c384&pf_rd_,Others,Y,Y,1,N,10/30/2018,2018-10-30T06:15:45.773418,Accesslog,4.96E+55,shardId-000000000000,15:45.8
1908,198.48.111.96,Smart-TV,08:03:32:0c:c8:63,madison56,https://www.amazon.com/Suite-Alice-Womens-Trousers-Large/dp/B0763SBQRT/ref=lp_17689965011_1_40?s=apparel&ie=UTF8&qid=1523543051&sr=1-40&nodeID=17689965011&psd=1,Chrome,N,Y,134,Y,10/30/2018,2018-10-30T06:15:46.877475,Accesslog,4.96E+55,shardId-000000000000,15:46.9
1006,203.7.226.124,Mobile,44:1e:55:b2:a1:20,mirandalindsey,https://www.amazon.com/dp/B00ZV9RDKK/ref=fs_ods_smp_tk,Safari,N,N,125,Y,10/30/2018,2018-10-30T06:15:47.987599,Accesslog,4.96E+55,shardId-000000000000,15:48.0
1794,100.29.151.2,Smart-TV,74:50:2d:eb:71:a5,gregory62,https://www.amazon.com/Pampers/pages/2598115011/ref=amb_link_1?pf_rd_m=ATVPDKIKX0DER&pf_rd_s=merchandised-search-left-3&pf_rd_r=CKP3CG5BH6VQ2PTRVQ06&pf_rd_r=CKP3CG5BH6VQ2PT,Firefox,N,N,156,Y,10/30/2018,2018-10-30T06:15:49.091147,Accesslog,4.96E+55,shardId-000000000000,15:49.1
1027,192.31.200.188,Mobile,c9:a1:ec:ce:77:c5,michaelhogan,https://www.amazon.com/s/s/ref=sr_nr_p_6_7?fst=as%3Aoff&rh=n%3A3760901%2Ck%3Abatteries%2Cp_6%3AA16TS8M4NPWTR8&keywords=batteries&ie=UTF8&qid=1523477243&rnid=331556011,Firefox,N,Y,4,N,10/30/2018,2018-10-30T06:15:50.197212,Accesslog,4.96E+55,shardId-000000000000,15:50.2
